PRODUCT_TYPE_NO,CAPTION,STOCK_MESSAGE,ACTIVE,
0,11 oz. Ceramic Mug,In Stock,TRUE,
1,15 oz. Ceramic Large Mug,In Stock,TRUE,
2,Men's Value T-Shirt,In Stock,TRUE,
3,Mouse Pad ,In Stock,TRUE,
4,Men's Crewneck Sweatshirt,In Stock,TRUE,
5,Men's Long Sleeve T-Shirt,In Stock,TRUE,
6,Jr. Jersey T-Shirt,No Longer Available,FALSE,
7,Men's Value T-Shirt,In Stock,TRUE,
8,Fulfillment,In Stock,FALSE,
9,Baseball Cap,No Longer Available,FALSE,
10,Beach Hat,No Longer Available,FALSE,
11,Stein,In Stock,FALSE,
12,Organic T-shirt,No Longer Available,FALSE,
13,Organic Sweatshirt,No Longer Available,FALSE,
14,Organic Long Sleeve T-shirt,No Longer Available,FALSE,
15,Men's Boxer Shorts,In Stock,TRUE,
16,Men's Tank Top,No Longer Available,FALSE,
17,Canvas Tote Bag,In Stock,TRUE,
18,Messenger Bag,No Longer Available,FALSE,
19,Colored Shirt,No Longer Available,FALSE,
20,Print,No Longer Available,FALSE,
21,Framed Print,No Longer Available,FALSE,
22,Stocking,No Longer Available,FALSE,
23,Men's Hooded Sweatshirt,In Stock,TRUE,
24,Round Ornament,No Longer Available,FALSE,
25,Bell Ornament,No Longer Available,FALSE,
26,Teddy Bear,In Stock,FALSE,
27,Chocolate Rose,No Longer Available,FALSE,
28,REMO | T Shirt | *** | SSW_,No Longer Available,FALSE,
29,Free Plush,No Longer Available,FALSE,
30,Large Holiday Gift Basket,No Longer Available,FALSE,
31,Labor,No Longer Available,FALSE,
32,Screen Printing,No Longer Available,FALSE,
33,Valentine Bear,No Longer Available,FALSE,
34,Valentine Mug and Candy,No Longer Available,FALSE,
35,Valentine Chocolates,No Longer Available,FALSE,
36,Mini Basketball Hoop,No Longer Available,FALSE,
37,Stone Coasters,In Stock,TRUE,
38,Men's Baseball Shirt,In Stock,TRUE,
39,Bunny Plush Toy  ,No Longer Available,FALSE,
40,Flying Disc,No Longer Available,FALSE,
41,Visor,No Longer Available,FALSE,
42,Apron,In Stock,TRUE,
43,Insulated Cooler Bag,No Longer Available,FALSE,
44,Frosted Mug,No Longer Available,FALSE,
45,Men's Polo Shirt,In Stock,TRUE,
46,Women's Tank Top,No Longer Available,FALSE,
47,Stainless Steel Travel Mug,No Longer Available,FALSE,
48,Onesie,No Longer Available,FALSE,
49,Wall Clock,In Stock,TRUE,
50,Sticker (Rectangle),In Stock,TRUE,
51,Sticker (Oval),In Stock,TRUE,
52,Chrome License Plate Frame,In Stock,TRUE,
53,Small Poster,In Stock,TRUE,
54,Large Poster,In Stock,TRUE,
55,Huge Poster,No Longer Available,FALSE,
56,Small Print,No Longer Available,FALSE,
57,Large Print,No Longer Available,FALSE,
58,Small Framed Print,No Longer Available,FALSE,
59,Large Framed Print,No Longer Available,FALSE,
60,Unistrap Bag,No Longer Available,FALSE,
61,Briefcase,No Longer Available,FALSE,
62,Metro Bag,No Longer Available,FALSE,
63,Backpack,No Longer Available,FALSE,
64,Retro Lunchbox,No Longer Available,FALSE,
65,Twill Ball Cap,In Stock,TRUE,
66,Fleece Vest,No Longer Available,FALSE,
67,Fleece Pullover,No Longer Available,FALSE,
68,Fleece Jacket,No Longer Available,FALSE,
69,Toddler T-Shirt,In Stock,TRUE,
70,Kids T-Shirt,In Stock,TRUE,
71,Toddler Button-Up Hoodie,No Longer Available,FALSE,
72,Baby Bodysuit,In Stock,TRUE,
73,Baby Bib,In Stock,TRUE,
74,Calendar Print,No Longer Available,FALSE,
75,Wall Calendar,In Stock,TRUE,
76,Picture Frame,No Longer Available,FALSE,
77,Postcards (Package of 8),In Stock,TRUE,
78,Greeting Cards (Pk of 10),In Stock,TRUE,
79,Ski Cap,No Longer Available,FALSE,
80,Women's Thong Panties,In Stock,TRUE,
81,Panel Print,No Longer Available,FALSE,
82,Framed Panel Print,Temporarily Out of Stock,FALSE,
83,Round Ornament,No Longer Available,FALSE,
84,Lace Ornament,No Longer Available,FALSE,
85,Military Bear,No Longer Available,FALSE,
86,Keepsake Box,In Stock,TRUE,
87,Camisole,No Longer Available,FALSE,
88,Panty,No Longer Available,FALSE,
89,Women's Value T-Shirt,In Stock,TRUE,
90,Bumper Sticker,In Stock,TRUE,
91,Night Shirt,No Longer Available,FALSE,
92,Mini Poster,In Stock,TRUE,
93,Audio CD,No Longer Available,FALSE,
94,Data CD,No Longer Available,FALSE,
95,Premium Shop,No Longer Available,FALSE,
96,Jr. Spaghetti Tank,Temporarily Out of Stock,FALSE,
97,Book,No Longer Available,FALSE,
98,Inactive Account Fee,No Longer Available,FALSE,
99,Design Services,No Longer Available,FALSE,
100,Notebook,In Stock,TRUE,
101,Trucker Hat,In Stock,TRUE,
102,Jr. Raglan,No Longer Available,FALSE,
103,Jr. Hoodie,No Longer Available,FALSE,
104,Ornament (Round),No Longer Available,FALSE,
105,Ceramic Oval Ornament,In Stock,FALSE,
106,Men's Classic T-Shirt,In Stock,TRUE,
107,Yellow T-Shirt,Temporarily Out of Stock,FALSE,
108,Green T-Shirt,Temporarily Out of Stock,FALSE,
109,Women's Value T-Shirt,In Stock,TRUE,
110,Dog T-Shirt,In Stock,TRUE,
111,Organic Men's Fitted T-Shirt,No Longer Available,FALSE,
112,Value T-Shirt,No Longer Available,FALSE,
113,Women's Ringer T-Shirt,In Stock,TRUE,
114,Women's Tank Top,In Stock,FALSE,
115,Men's Sleeveless Tee,No Longer Available,FALSE,
116,Athletic Jersey,No Longer Available,FALSE,
117,Junior Fleece Shorts,No Longer Available,FALSE,
118,"2.25 Button""",In Stock,TRUE,
119,Round Magnet,In Stock,TRUE,
120,"2.25 Button (Pk of 10)""",In Stock,TRUE,
121,"2.25 Button (Pk of 100)""",In Stock,TRUE,
122,Round Magnet (Pk of 10),In Stock,TRUE,
123,Round Magnet (Pk of 100),In Stock,TRUE,
124,Round Ornament,In Stock,TRUE,
125,Throw Pillow,Temporarily Out of Stock,FALSE,
126,Men's Ringer T-Shirt,In Stock,TRUE,
127,Toddler Raglan,No Longer Available,FALSE,
128,Women's Raglan Hoodie,In Stock,FALSE,
129,Women's Tracksuit,No Longer Available,FALSE,
130,Plush Monkey,No Longer Available,FALSE,
131,Custom Postage,No Longer Available,FALSE,
132,Light Switch Cover,No Longer Available,FALSE,
133,Kids Hoodie,In Stock,TRUE,
134,Junior's Cap Sleeve T-Shirt,In Stock,FALSE,
135,Kids Crewneck Sweatshirt,In Stock,TRUE,
136,Kids Baseball T-Shirt,In Stock,TRUE,
137,Rectangle Magnet,In Stock,TRUE,
138,Rectangle Magnet (Pk of 10),In Stock,TRUE,
139,Rectangle Magnet (Pk of 100),In Stock,TRUE,
140,Baseball Cap,In Stock,TRUE,
141,Mini Button,In Stock,TRUE,
142,Mini Button (Pk of 10),In Stock,TRUE,
143,Mini Button (Pk of 100),In Stock,TRUE,
144,Mini Magnet,No Longer Available,FALSE,
145,Mini Magnet (10 pack),No Longer Available,FALSE,
146,Mini Magnet (100 pack),No Longer Available,FALSE,
147,Framed Ceramic Tile,In Stock,FALSE,
148,Dog Leash,No Longer Available,FALSE,
149,Dog Collar,No Longer Available,FALSE,
150,Mini Button (2 pack),No Longer Available,FALSE,
151,Postage Pal&trade;,No Longer Available,FALSE,
152,Men's Value T-Shirt,In Stock,TRUE,
153,Gift Certificate,Available immediately,FALSE,
154,Black Sweatshirt,No Longer Available,FALSE,
155,Men's Long Sleeve T-Shirt,In Stock,TRUE,
156,Black Hooded Sweatshirt,No Longer Available,FALSE,
157,Black Baby Doll,No Longer Available,FALSE,
158,Women's Fitted Black T-Shirt,No Longer Available,FALSE,
159,Men's Classic T-Shirt,Temporarily Out of Stock,TRUE,
160,Black Jr.Hoodie,No Longer Available,FALSE,
161,Women's Value T-Shirt,In Stock,TRUE,
162,Oversized Wall Calendar,No Longer Available,FALSE,
163,Vertical Wall Calendar,No Longer Available,FALSE,
164,Women's Long Sleeve T-Shirt,In Stock,TRUE,
165,Women's Long Sleeve T-Shirt,In Stock,TRUE,
166,Women's V-Neck T-Shirt,In Stock,TRUE,
167,Women's V-Neck T-Shirt,In Stock,TRUE,
181,Kids T-Shirt,In Stock,TRUE,
183,Women's Plus Size Scoop Neck T-Shirt,In Stock,FALSE,
184,Women's Plus Size Scoop Neck T-Shirt,In Stock,FALSE,
185,Women's Plus Size V-Neck T-Shirt,In Stock,TRUE,
186,Women's Plus Size V-Neck T-Shirt,In Stock,TRUE,
189,Women's Maternity T-Shirt,In Stock,TRUE,
190,Women's Maternity T-Shirt,Temporarily Out of Stock,TRUE,
192,Greeting Card,In Stock,TRUE,
193,Greeting Cards (Pk of 20),In Stock,TRUE,
194,Note Cards (Pk of 10),In Stock,FALSE,
195,Note Cards (Pk of 20),In Stock,FALSE,
203,"3.5 Button""",In Stock,TRUE,
204,"3.5 Button (Pk of 10)""",In Stock,TRUE,
205,"3.5 Button (Pk of 100)""",In Stock,TRUE,
206,Yard Sign,In Stock,TRUE,
207,"3 Lapel Sticker (48 pk)""",No Longer Available,FALSE,
208,Banner - 4 ft,In Stock,TRUE,
209,Bumper Sticker (Pk of 10),In Stock,TRUE,
210,Bumper Sticker (Pk of 50),In Stock,TRUE,
211,Sticker (Oval 10 pk),In Stock,TRUE,
212,Sticker (Oval 50 pk),In Stock,TRUE,
213,Sticker (Rectangle 10 pk),In Stock,TRUE,
214,Sticker (Rectangle 50 pk),In Stock,TRUE,
215,Small Pet Bowl,No Longer Available,FALSE,
216,Large Pet Bowl,No Longer Available,FALSE,
217,Denim Shirt,No Longer Available,FALSE,
218,Men's Polo,No Longer Available,FALSE,
219,Women's Polo,No Longer Available,FALSE,
220,20 oz. Stainless Steel Travel Mug,In Stock,TRUE,
221,Men's Performance Jacket,No Longer Available,FALSE,
222,Women's Performance Jacket,No Longer Available,FALSE,
223,Military Cap,No Longer Available,FALSE,
224,Stonewashed Cap,No Longer Available,FALSE,
225,Round Patch,No Longer Available,FALSE,
228,Square Patch,No Longer Available,FALSE,
229,Rectangular Patch,No Longer Available,FALSE,
232,Large Wall Clock,In Stock,FALSE,
233,Modern Wall Clock,No Longer Available,FALSE,
234,Flip Mino,No Longer Available,FALSE,
235,Flip Mino (black),No Longer Available,FALSE,
236,Flip MinoHD,No Longer Available,FALSE,
237,Flip MinoHD (black),No Longer Available,FALSE,
244,Men's Hooded Sweatshirt,In Stock,TRUE,
245,Men's Zip-Up Hoodie,In Stock,TRUE,
246,Men's Zip-Up Hoodie,In Stock,TRUE,
247,Women's Zip-Up Hoodie,In Stock,TRUE,
248,Women's Zip Hoodie (dark),No Longer Available,FALSE,
249,Men's Crewneck Sweatshirt,In Stock,TRUE,
250,Organic Men's T-Shirt,No Longer Available,FALSE,
251,Organic Men's T-Shirt (dark),In Stock,FALSE,
252,Organic Women's T-Shirt,No Longer Available,FALSE,
253,Organic Women's T-Shirt (dark),No Longer Available,FALSE,
254,Organic Women's Fitted T-Shirt,No Longer Available,FALSE,
255,Organic Women's Fitted T-Shirt (dark),No Longer Available,FALSE,
256,Organic Kids T-Shirt,Temporarily Out of Stock,FALSE,
257,Organic Kids T-Shirt (dark),No Longer Available,FALSE,
258,Organic Baby T-Shirt,In Stock,FALSE,
259,Organic Baby Bodysuit,No Longer Available,FALSE,
260,Organic Men's Fitted T-Shirt (dark),No Longer Available,FALSE,
261,Organic Toddler T-Shirt,No Longer Available,FALSE,
262,Organic Toddler T-Shirt (dark),No Longer Available,FALSE,
263,Women's Fitted T-Shirt (dark),No Longer Available,FALSE,
264,Women's Baseball Jersey,No Longer Available,FALSE,
265,Women's Baseball Jersey (dark),No Longer Available,FALSE,
266,Women's Zip Hoodie (dark),No Longer Available,FALSE,
267,Women's Ringer T-Shirt,No Longer Available,FALSE,
268,Women's Ringer T-Shirt (dark),No Longer Available,FALSE,
269,Infant T-Shirt,No Longer Available,FALSE,
270,Infant T-Shirt (dark),No Longer Available,FALSE,
271,Toddler T-Shirt,No Longer Available,FALSE,
272,Toddler T-Shirt (dark),No Longer Available,FALSE,
273,Kids Long Sleeve T-Shirt,No Longer Available,FALSE,
274,Kids Long Sleeve T-Shirt (dark),No Longer Available,FALSE,
275,Toddler Long Sleeve T-Shirt,No Longer Available,FALSE,
276,Kids Hoodie (dark),No Longer Available,FALSE,
277,Kids Sweatshirt (dark),No Longer Available,FALSE,
278,Kids Ringer T-Shirt,No Longer Available,FALSE,
279,Organic Baby Bodysuit (dark),No Longer Available,FALSE,
280,Sigg Water Bottle 1.0L,No Longer Available,FALSE,
281,Sigg Water Bottle 0.6L,No Longer Available,FALSE,
282,Organic Baby T-Shirt (dark),No Longer Available,FALSE,
283,Baseball Jersey (dark),No Longer Available,FALSE,
284,Ringer T (dark),No Longer Available,FALSE,
285,Kids Ringer T-Shirt (dark),No Longer Available,FALSE,
286,ImageKind Art,No Longer Available,FALSE,
287,Apron,In Stock,TRUE,
288,Gym Bag,No Longer Available,FALSE,
289,Beach Tote,No Longer Available,FALSE,
290,Stacking Mug,No Longer Available,FALSE,
293,Stackable Mug ,No Longer Available,FALSE,
295,Women's Boy Briefs,Temporarily Out of Stock,TRUE,
296,Boxer Brief,No Longer Available,FALSE,
297,CafePress-Posters,No Longer Available,FALSE,
298,SlideHD 4 hrs,No Longer Available,FALSE,
299,SBX T-Shirt,No Longer Available,FALSE,
300,Women's SBX T-Shirt,No Longer Available,FALSE,
303,I Ride For Sticker Pack,No Longer Available,FALSE,
304,I Ride For 24 oz Water Bottle,No Longer Available,FALSE,
305,Trek Water Bottle,No Longer Available,FALSE,
306,I Ride For Poster,No Longer Available,FALSE,
307,Men's Fitted T-Shirt (lab),No Longer Available,FALSE,
308,5.5 x 4.25 Flat Cards,No Longer Available,FALSE,
309,7 x 5 Flat Cards,No Longer Available,FALSE,
310,9.25 x 4 Flat Cards,No Longer Available,FALSE,
311,5.25 x 5.25 Flat Cards,No Longer Available,FALSE,
312,American Apparel Kids T-Shirt (Dark),No Longer Available,FALSE,
313,American Apparel Men's T-Shirt (Dark),No Longer Available,FALSE,
314,American Apparel Women's T-Shirt (Dark),No Longer Available,FALSE,
315,American Apparel Men's Long Sleeve T-Shirt (Dark),No Longer Available,FALSE,
316,American Apparel Women's Long Sleeve Tee (Dark),No Longer Available,FALSE,
317,American Apparel Toddler T-Shirt (Dark),No Longer Available,FALSE,
319,Men's Dark Tank Top,No Longer Available,FALSE,
320,Men's Long Sleeve T-Shirt (Dark),No Longer Available,FALSE,
321,Men's T-Shirt (Dark),No Longer Available,FALSE,
322,Toddler T-Shirt (Dark),No Longer Available,FALSE,
323,Women's Long Sleeve T-Shirt (Dark),No Longer Available,FALSE,
324,Women's T-Shirt (Dark),No Longer Available,FALSE,
325,Kids Long Sleeve T-Shirt (Dark),No Longer Available,FALSE,
326,Kids T-Shirt (Dark),No Longer Available,FALSE,
327,Anvil Women's Tank  (Dark),No Longer Available,FALSE,
328,American Apparel Kids T-Shirt,No Longer Available,FALSE,
329,American Apparel Men's T-Shirt,No Longer Available,FALSE,
330,American Apparel Women's T-Shirt,No Longer Available,FALSE,
331,American Apparel Men's Long Sleeve T-Shirt,No Longer Available,FALSE,
332,American Apparel Women's Long Sleeve T-Shirt,No Longer Available,FALSE,
333,American Apparel Toddler T-Shirt,No Longer Available,FALSE,
335,Men's Tank Top,No Longer Available,FALSE,
336,Men's Long Sleeve T-Shirt,No Longer Available,FALSE,
337,Men's T-Shirt,No Longer Available,FALSE,
338,Toddler T-Shirt,No Longer Available,FALSE,
339,Women's Long Sleeve T-Shirt,No Longer Available,FALSE,
340,Women's T-Shirt,No Longer Available,FALSE,
341,Kids Long Sleeve T-Shirt,No Longer Available,FALSE,
342,Kids T-Shirt,No Longer Available,FALSE,
343,Anvil Women's Tank,No Longer Available,FALSE,
344,Gaiam Yoga Mat,No Longer Available,FALSE,
345,EASE (White) Map of US & CAN,No Longer Available,FALSE,
346,EASE (Black) Map of US & CAN,No Longer Available,FALSE,
347,XL 340S,No Longer Available,FALSE,
348,XXL 540S,No Longer Available,FALSE,
349,XL 350TM (Lifetime Traffic & Maps Edition),No Longer Available,FALSE,
350,XXL 550TM (Lifetime Traffic & Maps Edition),No Longer Available,FALSE,
354,Hanes Tagless T-Shirt,No Longer Available,FALSE,
355,Flip MinoHD 2010 Personalized,No Longer Available,FALSE,
356,Flip UltraHD 1 hour Personalized,No Longer Available,FALSE,
357,Flip UltraHD 2 hour Personalized,No Longer Available,FALSE,
358,Stainless Water Bottle 0.6L,In Stock,FALSE,
359,1.0L Stainless Steel Water Bottle,In Stock,TRUE,
360,Long Sleeve Baby Bodysuit,Temporarily Out of Stock,TRUE,
361,Long Sleeve Infant T-Shirt,Temporarily Out of Stock,TRUE,
362,Baby Hat,In Stock,TRUE,
363,Baby Blanket,Temporarily Out of Stock,TRUE,
364,Large Thermos&reg;  Bottle,No Longer Available,FALSE,
365,Thermos&reg; Food Jar,No Longer Available,FALSE,
366,Thermos Bottle (12oz),No Longer Available,FALSE,
367,Thermos&reg; Can Cooler,No Longer Available,FALSE,
368,Plush Fleece Throw Blanket,"In Stock, will ship in 2-3 business days (shipped separately)",TRUE,
370,ikPetite_p,No Longer Available,FALSE,
371,"Wraps, Float, Frame",No Longer Available,FALSE,
372,ikMedium_p,No Longer Available,FALSE,
373,ikLarge_p,No Longer Available,FALSE,
374,ikGrande_p,No Longer Available,FALSE,
375,ikMassive_p,No Longer Available,FALSE,
376,ikPetite_l,No Longer Available,FALSE,
377,ikSmall_l,No Longer Available,FALSE,
378,ikMedium_l,No Longer Available,FALSE,
379,ikLarge_l,No Longer Available,FALSE,
380,ikGrande_l,No Longer Available,FALSE,
381,ikMassive_l,No Longer Available,FALSE,
382,Men's double dry interlock shirt,No Longer Available,FALSE,
383,Men's double dry elevation shirt,No Longer Available,FALSE,
384,Men's double dry short sleeve mesh shirt,No Longer Available,FALSE,
385,Men's double dry long sleeve shirt,No Longer Available,FALSE,
386,Youth double dry interlock shirt,No Longer Available,FALSE,
387,Women's double dry v-neck shirt,No Longer Available,FALSE,
388,Women's Textured v-neck shirt,No Longer Available,FALSE,
389,Gallery Wrapped Canvas,No Longer Available,FALSE,
390,New Era Structured Stretch Cotton Cap,No Longer Available,FALSE,
391,6 Panel Twill Cap,No Longer Available,FALSE,
392,Youth 6 Panel Twill Cap,No Longer Available,FALSE,
393,Women's Garment Washed Cap,No Longer Available,FALSE,
394,Hanes Men's Ultimate Cotton Hoodie,No Longer Available,FALSE,
395,Hanes Women's Zip Hoodies,No Longer Available,FALSE,
396,Hanes Kids Pullover Kids Hoodie,No Longer Available,FALSE,
397,"2 Legend Eagle Medal Gold""",No Longer Available,FALSE,
398,"8 Elite Metal Gold Cup""",No Longer Available,FALSE,
399,"10 Elite Metal Gold Cup""",No Longer Available,FALSE,
400,"12 Elite Metal Gold Cup""",No Longer Available,FALSE,
401,"8 star trophy""",No Longer Available,FALSE,
402,"10 star trophy""",No Longer Available,FALSE,
403,"11 star trophy""",No Longer Available,FALSE,
404,"12 star trophy""",No Longer Available,FALSE,
405,"14 star trophy""",No Longer Available,FALSE,
406,"8 x 10"" Classic Wood Plaque""",No Longer Available,FALSE,
407,"2 Baseball Medal Gold""",No Longer Available,FALSE,
408,"2 Softball Medal Gold""",No Longer Available,FALSE,
409,"8 baseball trophy""",No Longer Available,FALSE,
410,"10 baseball trophy""",No Longer Available,FALSE,
411,"11 baseball trophy""",No Longer Available,FALSE,
412,"12 baseball trophy""",No Longer Available,FALSE,
413,"14 baseball trophy""",No Longer Available,FALSE,
414,"2 Basketball Medal Gold (male)""",No Longer Available,FALSE,
415,"2 Basketball Medal Gold (female)""",No Longer Available,FALSE,
416,"8 basketball trophy""",No Longer Available,FALSE,
417,"10 basketball trophy""",No Longer Available,FALSE,
418,"11 basketball trophy""",No Longer Available,FALSE,
419,"12 basketball trophy""",No Longer Available,FALSE,
420,"14 basketball trophy""",No Longer Available,FALSE,
421,"2 Football Medal Gold""",No Longer Available,FALSE,
422,"8 football trophy""",No Longer Available,FALSE,
423,"10 football trophy""",No Longer Available,FALSE,
424,"11 football trophy""",No Longer Available,FALSE,
425,"12 football trophy""",No Longer Available,FALSE,
426,"14 football trophy""",No Longer Available,FALSE,
427,"2 Soccer Medal Gold (male)""",No Longer Available,FALSE,
428,"2 Soccer Medal Gold (female)""",No Longer Available,FALSE,
429,"8 soccer trophy""",No Longer Available,FALSE,
430,"10 soccer trophy""",No Longer Available,FALSE,
431,"11 soccer trophy""",No Longer Available,FALSE,
432,"12 soccer trophy""",No Longer Available,FALSE,
433,"14 soccer trophy""",No Longer Available,FALSE,
434,Christmas Stocking,No Longer Available,FALSE,
435,Customized Felt Christmas Stocking,No Longer Available,FALSE,
436,Women's Crew Neck,No Longer Available,FALSE,
437,Men's Crew Neck,No Longer Available,FALSE,
438,Men's V-Neck,No Longer Available,FALSE,
439,Women's V-Neck,No Longer Available,FALSE,
440,Infant T-Shirt,Temporarily Out of Stock,TRUE,
441,iPhone 3G Hard Case,No Longer Available,FALSE,
443,iPhone 4 Slider Case,No Longer Available,FALSE,
444,iPhone 4 Clear Case,No Longer Available,FALSE,
445,Women's Crew Neck,No Longer Available,FALSE,
446,Men's Crew Neck,No Longer Available,FALSE,
447,Men's V-Neck,No Longer Available,FALSE,
448,Women's V-Neck,No Longer Available,FALSE,
449,20x12 Oval Wall Decal,In Stock,TRUE,
450,35x21 Oval Wall Decal,In Stock,TRUE,
451,20x12 Wall Decal,In Stock,TRUE,
452,35x21 Wall Decal,In Stock,TRUE,
453,20x6 Wall Decal,In Stock,TRUE,
454,36x11 Wall Decal,In Stock,TRUE,
459,iPad Case,No Longer Available,FALSE,
460,iPad 5-in-1 Case,No Longer Available,FALSE,
461,Business Cards,No Longer Available,FALSE,
462,Invitations,In Stock,FALSE,
463,MEN'S 3-POCKET V-NECK TOP,No Longer Available,FALSE,
464,MEN'S UTILITY PANT,No Longer Available,FALSE,
465,"JR 2PKT MOCK WRAP W/ PRINCESS SEAMS, ELASTIC BACK",No Longer Available,FALSE,
466,JR 2PKT TOP 2 FRONT INSERT AND STITCHED BAND TRIM,No Longer Available,FALSE,
468,"JR 2 POCKET MOCK PLACKET BUCKLE FRONT, FITTED BACK",No Longer Available,FALSE,
469,PLUS JUNIOR 5 PKT DRAWSTRING PANT W/ ELASTIC BACK,No Longer Available,FALSE,
470,JUNIOR 2 POCKET FRONT SHIRRED V-NECK W/FITTED BACK,No Longer Available,FALSE,
471,JUNIOR 3 POCKET MOCK WRAP TOP W/ BACK TABS,No Longer Available,FALSE,
472,JUNIOR 5 POCKET DRAWSTRING PANT W/ ELASTIC BACK,No Longer Available,FALSE,
473,JUNIOR 5 POCKET DRAWSTRING PANT,No Longer Available,FALSE,
474,JUNIOR LONG SLEEVE TEE WITH QUOTE,No Longer Available,FALSE,
475,"JUNIOR 34 FASHION 4 POCKET LAB COAT""",No Longer Available,FALSE,
476,"JR 32 LAB COAT W/ HEARTLINE EMBROIDERY ON POCKETS""",No Longer Available,FALSE,
477,JR 3 PKT RND NECK SNAP FRONT WARM UP W/FITTED BACK,No Longer Available,FALSE,
478,JR 28 1/2 2PCKT PRNCSS SEAM CNSLT COAT," FITTED BK""",No Longer Available,FALSE
479,MISSY 2 POCKET V-NECK W/ PRINCESS SEAMS,No Longer Available,FALSE,
480,MISSY 2 POCKET V INSERT FRONT W/FITTED BACK,No Longer Available,FALSE,
482,MISSY 4 POCKET PULL ON STRAIGHT LEG PANT,No Longer Available,FALSE,
483,"MISSY 32 2 POCKET LAB COAT W/ BACK TAB""",No Longer Available,FALSE,
484,"MISSY 32 3 POCKET FITTED LAB COAT W/ BACK DETAIL""",No Longer Available,FALSE,
485,Necklace Circle Charm,In Stock,FALSE,
486,Necklace Oval Charm,In Stock,FALSE,
487,Necklace Heart Charm,In Stock,FALSE,
488,"Charm Bracelet, One Charm",In Stock,FALSE,
489,Earring Oval Charm,In Stock,FALSE,
490,Earring Circle Charm,In Stock,FALSE,
492,Earring Heart Charm,In Stock,FALSE,
493,Aluminum Photo Keychain,In Stock,FALSE,
494,Aluminum Oval Keychain,In Stock,FALSE,
495,Aluminum License Plate,In Stock,TRUE,
496,Aluminum License Plate Frame,In Stock,TRUE,
497,Men's Pajamas ,Temporarily Out of Stock,TRUE,
498,Men's Pajamas,In Stock,TRUE,
499,Women's Pajama Set ,Temporarily Out of Stock,TRUE,
500,Women's Pajama Set ,In Stock,TRUE,
501,Kid's Pajamas,No Longer Available,FALSE,
502,Fathead Wall Graphic,No Longer Available,FALSE,
503,Flip MinoHD 8GB 120 Min,No Longer Available,FALSE,
504,Flip UltraHD 4GB 60 Min,No Longer Available,FALSE,
505,Flip UltraHD 8GB 120 Min,No Longer Available,FALSE,
506,Flip Slide 16GB 4 Hours,No Longer Available,FALSE,
507,Hanes Comfortblend EcoSmart T-Shirt ,No Longer Available,FALSE,
508,iPod Touch 2 Case,No Longer Available,FALSE,
509,iPod Touch 4 Case,No Longer Available,FALSE,
510,Shot Glass,In Stock,TRUE,
514,Wall Art,In Stock,FALSE,
515,Flip MinoHD 4GB 60 Min,No Longer Available,FALSE,
517,Patch,In Stock,TRUE,
518,iPad2 Case,No Longer Available,FALSE,
520,Philosophy Shower Labels,No Longer Available,FALSE,
521,Performance Dry T-Shirt,Temporarily Out of Stock,FALSE,
522,Performance Dry T-Shirt,In Stock,FALSE,
523,Women's Flip Flops,In Stock,TRUE,
524,Reusable Shopping Bag,Temporarily Out of Stock,FALSE,
525,Lunchbox,No Longer Available,FALSE,
526,Drinking Glass,In Stock,TRUE,
527,Car Bumper Magnet,In Stock,TRUE,
528,Car Door Magnet,In Stock,TRUE,
529,Laptop Skins,In Stock,FALSE,
530,Women's Oversized Pocket T,No Longer Available,FALSE,
531,Women's Oversized Pocket T,No Longer Available,FALSE,
532,Women's Crop Tee,No Longer Available,FALSE,
533,Women's Crop Tee,No Longer Available,FALSE,
534,Men's Tank Top,No Longer Available,FALSE,
535,Men's Tank Top,No Longer Available,FALSE,
536,Women's Tank Top,No Longer Available,FALSE,
537,Women's Tank Top,No Longer Available,FALSE,
538,7 x 5 Invitations,No Longer Available,FALSE,
539,5.5 x 4.25 Invitations,No Longer Available,FALSE,
540,5.25 x 5.25 Invitations,No Longer Available,FALSE,
541,Tea Tumbler,No Longer Available,FALSE,
542,Business Cards,No Longer Available,FALSE,
543,9.25 x 4 Invitations,No Longer Available,FALSE,
544,Kid's Water Bottle,No Longer Available,FALSE,
545,Sippy Cup,No Longer Available,FALSE,
546,Blanket Wrap,No Longer Available,FALSE,
548,iPad 2 Hard Case,No Longer Available,FALSE,
549,Messenger Bag,In Stock,FALSE,
550,Field Bag,No Longer Available,FALSE,
551,Drawstring Bag,No Longer Available,FALSE,
552,Clutch Bag,No Longer Available,FALSE,
553,Kindle Sleeve,No Longer Available,FALSE,
554,Tablet Cover,"In Stock, will ship in 5 business days (ships separately)",FALSE,
555,Shoulder Bag,No Longer Available,FALSE,
556,Coin Purse,No Longer Available,FALSE,
557,Nook Sleeve,No Longer Available,FALSE,
558,Men's Bifold Wallet,"In Stock, will ship in 5 business days (ships separately)",FALSE,
559,Mini Wallet,No Longer Available,FALSE,
560,Suede Pillow,No Longer Available,FALSE,
561,Toiletry Bag,No Longer Available,FALSE,
562,Diaper Bag,No Longer Available,FALSE,
563,Lunchbox,No Longer Available,FALSE,
564,Messenger Bag,No Longer Available,FALSE,
565,Bucket Bag,No Longer Available,FALSE,
566,iPad 2 Cover,No Longer Available,FALSE,
567,Infant Spoon,No Longer Available,FALSE,
568,Toddler Spoon,No Longer Available,FALSE,
569,Photo Frame,No Longer Available,FALSE,
570,Silver Cup,No Longer Available,FALSE,
571,Shower Curtain,"In Stock, will ship in 2-3 business days (shipped separately)",TRUE,
572,Pillowcase,In Stock,TRUE,
573,Twin Duvet Cover,"In Stock, will ship in 2-3 business days (shipped separately)",TRUE,
574,Queen Duvet Cover,"In Stock, will ship in 2-3 business days (shipped separately)",TRUE,
575,King Duvet Cover,"In Stock, will ship in 2-3 business days (shipped separately)",TRUE,
576,Women's Nightshirt,In Stock,TRUE,
577,Mini Puzzle,In Stock,FALSE,
578,Pajama Bottom Pink Checkered,In Stock,TRUE,
579,Junior Jersey T-shirt (dark),No Longer Available,FALSE,
580,Pajama Bottom Black Checkered,In Stock,TRUE,
581,Photo Book,No Longer Available,FALSE,
582,Photo Calendar,No Longer Available,FALSE,
583,Pajama Bottom Pink Camo,In Stock,TRUE,
584,Pajama Bottom Moon & Stars,No Longer Available,FALSE,
585,Pajama Bottom Clouds,No Longer Available,FALSE,
586,Pajama Bottom Skull & Bones,No Longer Available,FALSE,
587,Pajama Bottom Blue Stripes,In Stock,TRUE,
588,Pajama Bottom Gray Camo,In Stock,TRUE,
589,Pajama Bottom Hearts,No Longer Available,FALSE,
590,Pajama Bottom Grey Stripes,No Longer Available,FALSE,
591,Pajama Bottom Leaves,No Longer Available,FALSE,
592,Pajama Bottom Dot Patterns,No Longer Available,FALSE,
593,Pajama Bottom Pink Stripes,No Longer Available,FALSE,
594,Incredible 2 Phone Case,No Longer Available,FALSE,
595,Nexus S Phone Case,No Longer Available,FALSE,
596,KOR Water Bottle,No Longer Available,FALSE,
597,Plush Baseball,No Longer Available,FALSE,
598,Plush Football,No Longer Available,FALSE,
599,Abby the Bunny,No Longer Available,FALSE,
600,Mico the Bear,No Longer Available,FALSE,
601,Sully the Cow,No Longer Available,FALSE,
602,Physical District Identification Pass,No Longer Available,FALSE,
603,White Mug ? 11 oz,No Longer Available,FALSE,
604,Large White Mug ? 15 oz,No Longer Available,FALSE,
605,Black Mug ? 11 oz,In Stock,FALSE,
606,Pajama Bottom Lumberjack Red Plaid,In Stock,TRUE,
607,Pajama Bottom Democratic Party,In Stock,FALSE,
608,Pajama Bottom Republican Party,In Stock,FALSE,
609,Pajama Bottom St. Patricks,No Longer Available,FALSE,
610,Pajama Bottom Devil Hearts,No Longer Available,FALSE,
611,Pajama Bottom Bacon,No Longer Available,FALSE,
612,Pajama Bottom Ninja,No Longer Available,FALSE,
613,Pajama Bottom Bird Print,No Longer Available,FALSE,
614,Photo on Metal,No Longer Available,FALSE,
615,Photo on Acrylic,No Longer Available,FALSE,
616,Photo on Bamboo,No Longer Available,FALSE,
617,Yoga Mat,No Longer Available,FALSE,
618,Travel Yoga Mat,No Longer Available,FALSE,
619,Business Cards,No Longer Available,FALSE,
620,Contact Cards,No Longer Available,FALSE,
621,3.5 x 5 Flat Cards,In Stock,FALSE,
622,4.5 x 6.25 Flat Cards,No Longer Available,FALSE,
623,5.5 x 4.25 Flat Cards,No Longer Available,FALSE,
624,4 x 9.25 Flat Cards,No Longer Available,FALSE,
625,5.5 x 7.5 Flat Cards,No Longer Available,FALSE,
626,5.25 x 5.25 Flat Cards,In Stock,FALSE,
627,5x7 Flat Cards,In Stock,FALSE,
628,Oval Car Magnet,In Stock,TRUE,
629,Rectangle Car Magnet,In Stock,TRUE,
630,Round Car Magnet,Temporarily Out of Stock,TRUE,
631,Square Car Magnet,In Stock,TRUE,
632,Sticker (Square),In Stock,TRUE,
633,USA Sticker,No Longer Available,FALSE,
634,Long Sleeve Adult,No Longer Available,FALSE,
635,Cool Ringer Men's,No Longer Available,FALSE,
636,Adult Men's Short Sleeve,No Longer Available,FALSE,
637,Girls Tee,No Longer Available,FALSE,
638,Adult Heathers,No Longer Available,FALSE,
639,Infant Tee,No Longer Available,FALSE,
640,Junior's Sheer Cap Sleeve,No Longer Available,FALSE,
641,Juvenile Short Sleeve,No Longer Available,FALSE,
642,Slim Soft Adult Short Sleeve,No Longer Available,FALSE,
643,Baby Bodysuit,No Longer Available,FALSE,
644,Toddler Short Sleeve,No Longer Available,FALSE,
645,Women's Short Sleeve,No Longer Available,FALSE,
646,Youth Short Sleeve,No Longer Available,FALSE,
647,Gel Mousepad,No Longer Available,FALSE,
649,3/4 Sleeve T-shirt,In Stock,FALSE,
650,3/4 Sleeve T-shirt (Dark),No Longer Available,FALSE,
653,Baby Gown,In Stock,FALSE,
654,Diaper Cover,No Longer Available,FALSE,
655,Dog Hoodie,No Longer Available,FALSE,
656,Mylar Balloon,"In Stock, will ship in 5 business days",FALSE,
657,Beer Label,No Longer Available,FALSE,
658,Ollie the Puppy,No Longer Available,FALSE,
659,Velcro Beer Cooler,No Longer Available,FALSE,
660,Rectangular Hitch Cover,In Stock,FALSE,
661,Oval Hitch Cover,Temporarily Out of Stock,FALSE,
662,Picture Frame,In Stock,TRUE,
663,Square Coaster,No Longer Available,FALSE,
664,Round Coaster,No Longer Available,FALSE,
665,Puzzle Coasters (set of 4),No Longer Available,FALSE,
666,Small Serving Tray,No Longer Available,FALSE,
667,Large Serving Tray,No Longer Available,FALSE,
668,Jewelry Case,No Longer Available,FALSE,
669,Snowflake Ornament,No Longer Available,FALSE,
670,Scroll Ornament,In Stock,TRUE,
671,Heart Pet Tag,No Longer Available,FALSE,
672,Bone Pet Tag,No Longer Available,FALSE,
673,Round Pet Tag,No Longer Available,FALSE,
674,Small Luggage Tag,In Stock,FALSE,
675,Large Luggage Tag,Temporarily Out of Stock,FALSE,
676,Magnetic Dry Erase Board,No Longer Available,FALSE,
677,Photo Card,No Longer Available,FALSE,
678,Power Bank,No Longer Available,FALSE,
679,Wine Label,No Longer Available,FALSE,
680,Notebook - Small,No Longer Available,FALSE,
681,Notebook - Large,No Longer Available,FALSE,
682,Business Cards,No Longer Available,FALSE,
683,Favor Cards,No Longer Available,FALSE,
684,Back Pack Tag,No Longer Available,FALSE,
685,Magnet,No Longer Available,FALSE,
686,8x10 3D Frame,No Longer Available,FALSE,
687,5x7 Folded Greeting Card,No Longer Available,FALSE,
688,Bookmark,No Longer Available,FALSE,
689,Ornaments,No Longer Available,FALSE,
690,Ruler,No Longer Available,FALSE,
691,iPhone Case,No Longer Available,FALSE,
692,Golf Balls,In Stock,FALSE,
693,Luggage Handle Wrap,No Longer Available,FALSE,
696,"Envelopes 4.5 x 6.25""",No Longer Available,FALSE,
697,"Envelopes 4.25 x 5.5""",No Longer Available,FALSE,
698,"Envelopes 4 x 9.25""",No Longer Available,FALSE,
699,"Envelopes 5.5 x 7.5""",No Longer Available,FALSE,
700,"Envelopes 5.25 x 5.25""",No Longer Available,FALSE,
701,"Envelopes 5 x 7""",No Longer Available,FALSE,
702,Return Address Labels,No Longer Available,FALSE,
703,iPhone Charger Case,No Longer Available,FALSE,
704,iPhone Wallet Case,No Longer Available,FALSE,
705,iPhone Snap Case,No Longer Available,FALSE,
706,Wooden Wall Clock,No Longer Available,FALSE,
707,Frameless Wall Clock,No Longer Available,FALSE,
708,Key Hanger,No Longer Available,FALSE,
709,Aluminum Round Ornament,In Stock,FALSE,
710,Hexagon Ornament,No Longer Available,FALSE,
711,Oval Ornament,No Longer Available,FALSE,
712,iPad 3 Folio,No Longer Available,FALSE,
713,Car Flag,No Longer Available,FALSE,
714,Women's Sweatpants,No Longer Available,FALSE,
716,"Envelopes 3.5 x 5""",No Longer Available,FALSE,
718,Footed Pajamas,In Stock,FALSE,
719,Sticky Notepad,No Longer Available,FALSE,
720,Stainless Steel Flask,In Stock,TRUE,
721,Bottle Wine Chiller,No Longer Available,FALSE,
722,Bluetooth Speaker,No Longer Available,FALSE,
723,Bluetooth Keyboard,No Longer Available,FALSE,
724,Dual USB Auto Adapter,No Longer Available,FALSE,
725,iPhone USB Cord,No Longer Available,FALSE,
726,Bike Holder for Phones,No Longer Available,FALSE,
727,Stylus / iPad Pens,No Longer Available,FALSE,
728,Earbuds with Speaker,No Longer Available,FALSE,
729,Dual USB Wall Charger,No Longer Available,FALSE,
730,Women's All Over Print T-Shirt,No Longer Available,FALSE,
731,Men's All Over Print T-Shirt,No Longer Available,FALSE,
732,Kid's All Over Print T-Shirt,No Longer Available,FALSE,
733,5.75 x 8.75 Flat Cards,No Longer Available,FALSE,
734,5.875 x 9.25 Flat Cards,No Longer Available,FALSE,
735,6 x 8 Flat Cards,No Longer Available,FALSE,
736,"Envelopes 5.75 x 8.75""",No Longer Available,FALSE,
737,"Envelopes 5.875 x 9.25""",No Longer Available,FALSE,
738,"Envelopes 6 x 8""",No Longer Available,FALSE,
739,Cocktail Shaker,No Longer Available,FALSE,
741,Clipboard,No Longer Available,FALSE,
742,Square Cocktail Plate,No Longer Available,FALSE,
743,Rectangular Cocktail Plate,No Longer Available,FALSE,
744,Cocktail Platter,No Longer Available,FALSE,
745,Round Cocktail Plate,No Longer Available,FALSE,
746,Milk Carton Creamer,No Longer Available,FALSE,
747,Milk Carton Pitcher,No Longer Available,FALSE,
748,Milk Bottle,No Longer Available,FALSE,
749,Small Tealight Candle Holder,No Longer Available,FALSE,
750,Large Tealight Candle Holder,No Longer Available,FALSE,
751,Teapot,No Longer Available,FALSE,
752,Yoga Pants,No Longer Available,FALSE,
755,Racerback Tank Top,In Stock,FALSE,
756,Eyeglass Case,No Longer Available,FALSE,
757,Travel Valet,No Longer Available,FALSE,
758,Small Leather Notepad,No Longer Available,FALSE,
759,Clasp Wallet,No Longer Available,FALSE,
760,Leather Card Holder,No Longer Available,FALSE,
761,Canvas Lunch Tote,No Longer Available,FALSE,
762,Canvas Lunch Bag,In Stock,TRUE,
763,Laundry Bag,No Longer Available,FALSE,
764,Round Compact Mirror,No Longer Available,FALSE,
765,Square Compact Mirror,No Longer Available,FALSE,
766,Business Card Case,No Longer Available,FALSE,
767,Rectangular Locker Frame,No Longer Available,FALSE,
768,Square Locker Frame,No Longer Available,FALSE,
769,Square Canvas Pillow,In Stock,FALSE,
770,Rectangular Canvas Pillow,In Stock,FALSE,
771,Android USB Cable,No Longer Available,FALSE,
772,Round Ornaments,No Longer Available,FALSE,
773,Greeting Card 4.25 x 4.25,No Longer Available,FALSE,
774,Iron On (Dark),No Longer Available,FALSE,
775,Iron On,No Longer Available,FALSE,
776,Iron On Kit,No Longer Available,FALSE,
777,"Crockpot - 2.5 QT manual, white",No Longer Available,FALSE,
778,"Crockpot - 5.5 QT manual, white",No Longer Available,FALSE,
779,"Crockpot - 6 QT, Black (Cook and Carry)",No Longer Available,FALSE,
780,"Crockpot - 5.5 QT digital, white (Smart Pot)",No Longer Available,FALSE,
781,"Crockpot - 5.5 QT digital, Black (Smart Pot)",No Longer Available,FALSE,
782,iPhone 4 Thinshield,No Longer Available,FALSE,
783,iPhone 4 Guardian,No Longer Available,FALSE,
784,iPod Touch 4 Thinshield,No Longer Available,FALSE,
785,iPad 2 Thinshield - Smart Cover Compatible,No Longer Available,FALSE,
786,Kindle Fire Thinshield,No Longer Available,FALSE,
787,iPhone 3G Slider,No Longer Available,FALSE,
788,iPhone 4 Slider,No Longer Available,FALSE,
789,BlackBerry 9900 Hard Shell,No Longer Available,FALSE,
790,BlackBerry 9860 Skin,No Longer Available,FALSE,
791,BlackBerry 9850 HardShell,No Longer Available,FALSE,
792,BlackBerry 9370 Skin,No Longer Available,FALSE,
793,BlackBerry 9300 Hardshell,No Longer Available,FALSE,
794,Samsung Galaxy Nexus Thinshield,No Longer Available,FALSE,
795,iPad 2 New Leather Swivel Portfolio,No Longer Available,FALSE,
796,Samsung Galaxy S3 Thinshield,No Longer Available,FALSE,
797,iPhone 5/5S Snap Case,No Longer Available,FALSE,
798,Womens Burnout Tee,No Longer Available,FALSE,
799,Dog Collar,No Longer Available,FALSE,
800,Generic Fulfillment,No Longer Available,FALSE,
801,T-Shirt Fulfillment,No Longer Available,FALSE,
802,Ingram Fulfillment,Temporarily Out of Stock,FALSE,
803,Mug Fulfillment,No Longer Available,FALSE,
804,Media Fulfillment,No Longer Available,FALSE,
805,Coby Fulfillment,No Longer Available,FALSE,
806,Sanmar Fulfillment,No Longer Available,FALSE,
807,Canvas Add-on,No Longer Available,FALSE,
808,Licensed Sports Merchandise,No Longer Available,FALSE,
809,iBox,No Longer Available,FALSE,
810,Cooking.com Fulfillment,No Longer Available,FALSE,
811,Emily the Strange Fulfillment,No Longer Available,FALSE,
812,HairUWear,No Longer Available,FALSE,
813,Team Coco Merchandise,No Longer Available,FALSE,
814,York Wall Coverings,No Longer Available,FALSE,
816,Pasta Container,No Longer Available,FALSE,
817,Flour Container,No Longer Available,FALSE,
818,Cookie Jar,No Longer Available,FALSE,
819,Sugar Container,No Longer Available,FALSE,
820,Large Glass Cutting Board,No Longer Available,FALSE,
821,Small Glass Cutting Board,No Longer Available,FALSE,
822,Tea Tumbler,No Longer Available,FALSE,
824,Tea/Recipe Box,No Longer Available,FALSE,
825,Cloth Napkins,No Longer Available,FALSE,
826,Men's All Over Print T-Shirt,No Longer Available,FALSE,
827,Women's All Over Print T-Shirt,No Longer Available,FALSE,
828,Kid's All Over Print T-Shirt,No Longer Available,FALSE,
829,Galaxy S3 Case,No Longer Available,FALSE,
830,Galaxy Note Case,No Longer Available,FALSE,
831,Kindle Kickstand Case,No Longer Available,FALSE,
832,3'x5' Area Rug,"In Stock, will ship in 2-3 business days (shipped separately)",TRUE,
833,5'x7' Area Rug,"In Stock, will ship in 2-3 business days (shipped separately)",TRUE,
834,"60 Curtains""",Temporarily Out of Stock,FALSE,
835,"84 Curtains""",Temporarily Out of Stock,FALSE,
836,Flask Necklace,In Stock,FALSE,
837,Silver Square Necklace ,In Stock,FALSE,
838,Silver Round Necklace,In Stock,FALSE,
839,Silver Heart Necklace,In Stock,FALSE,
840,Silver Portrait Necklace ,In Stock,FALSE,
841,Silver Oval Necklace,In Stock,FALSE,
842,Silver Teardrop Necklace ,In Stock,FALSE,
843,Silver Square Charm ,In Stock,FALSE,
844,Silver Round Charm ,In Stock,FALSE,
845,Silver Heart Charm ,In Stock,FALSE,
846,Silver Portrait Charm,In Stock,FALSE,
847,Silver Oval Charm ,In Stock,FALSE,
848,Silver Teardrop Charm ,In Stock,FALSE,
855,Large Square Pet Tag,No Longer Available,FALSE,
856,Large Round Pet Tag,No Longer Available,FALSE,
857,Large Heart Pet Tag,No Longer Available,FALSE,
858,Large Portrait Pet Tag,No Longer Available,FALSE,
859,Large Landscape Pet Tag,No Longer Available,FALSE,
860,Large Oval Pet Tag,No Longer Available,FALSE,
861,Small Square Pet Tag,In Stock,FALSE,
862,Small Round Pet Tag,In Stock,FALSE,
863,Small Heart Pet Tag,In Stock,FALSE,
864,Small Portrait Pet Tag,In Stock,FALSE,
865,Small Oval Pet Tag,In Stock,FALSE,
866,Small Teardrop Pet Tag,In Stock,FALSE,
867,Square Wine Charm,No Longer Available,FALSE,
868,Round Wine Charm,In Stock,FALSE,
869,Heart Wine Charm,In Stock,FALSE,
870,Portrait Wine Charm,In Stock,FALSE,
871,Oval Wine Charm,In Stock,FALSE,
872,Teardrop Wine Charm,In Stock,FALSE,
873,Square Keychain,In Stock,FALSE,
874,Round Keychain,In Stock,FALSE,
875,Heart Keychain,In Stock,FALSE,
876,Photo Keychain,In Stock,FALSE,
877,Rectangle Keychain,In Stock,FALSE,
878,Oval Keychain,In Stock,FALSE,
879,Bracelet Chain,No Longer Available,FALSE,
880,Can Insulator,No Longer Available,FALSE,
881,11x14 Wall Acrylic with Silver Hardware,No Longer Available,FALSE,
882,16x20 Wall Acrylic with Silver Hardware,No Longer Available,FALSE,
883,20x30 Wall Acrylic with Silver Hardware,No Longer Available,FALSE,
884,12x12 Wall Acrylic with Silver Hardware,No Longer Available,FALSE,
885,16x16 Wall Acrylic with Silver Hardware,No Longer Available,FALSE,
886,10x25 Wall Acrylic with Silver Hardware,No Longer Available,FALSE,
887,11x14 Wall Acrylic with Black Hardware,No Longer Available,FALSE,
888,16x20 Wall Acrylic with Black Hardware,No Longer Available,FALSE,
889,20x30 Wall Acrylic with Black Hardware,No Longer Available,FALSE,
890,12x12 Wall Acrylic with Black Hardware,No Longer Available,FALSE,
891,16x16 Wall Acrylic with Black Hardware,No Longer Available,FALSE,
892,10x25 Wall Acrylic with Black Hardware,No Longer Available,FALSE,
893,Photo Panel 5.25x5.25 with Easel,No Longer Available,FALSE,
894,Photo Panel 10x10 with Easel,No Longer Available,FALSE,
895,"10 - 3.5x5"" Magnets with Envelopes""",No Longer Available,FALSE,
896,"25 - 3.5 x 5"" Magnets with Envelopes""",No Longer Available,FALSE,
897,"50 - 3.5 x 5"" Magnets with Envelopes""",No Longer Available,FALSE,
899,"100 - 3.5 x 5"" Magnets with Envelopes""",No Longer Available,FALSE,
911,"Metal, Bamboo, Acylic",No Longer Available,FALSE,
912,"Decal, Peel, Rool",No Longer Available,FALSE,
913,"Alphabet Art, Replay, Print",No Longer Available,FALSE,
914,"Other, Cozy, Gift, Kit",No Longer Available,FALSE,
1000,"200 - 3.5 x 5"" Magnets with Envelopes""",No Longer Available,FALSE,
1002,Water Bottle,No Longer Available,FALSE,
1007,iPhone 4 Slim Case,No Longer Available,FALSE,
1008,iPhone 3GS Slim Case,No Longer Available,FALSE,
1009,Samsung Galaxy SII Slim Case,No Longer Available,FALSE,
1010,Playing Cards,No Longer Available,FALSE,
1011,BlackBerry Bold 9700 Slim Case,No Longer Available,FALSE,
1012,Blackberry Bold 9780 Slim Case,No Longer Available,FALSE,
1013,iPhone 4/4S Tough,No Longer Available,FALSE,
1014,Ceramic Tile Mural (Six 4.25 inch Tiles),No Longer Available,FALSE,
1015,Set of four Picture Coasters-Same,No Longer Available,FALSE,
1016,252 Piece Photo Puzzle with Box,No Longer Available,FALSE,
1017,Set of four Picture Coasters-Unique,No Longer Available,FALSE,
1018,iPad Mini Case,No Longer Available,FALSE,
1019,Galaxy Note 2 Case,No Longer Available,FALSE,
1021,Photo Luggage Tag,No Longer Available,FALSE,
1022,Photo Key Tag,No Longer Available,FALSE,
1023,Desk Organizer - Mahogany Finish,No Longer Available,FALSE,
1024,Photo panel 5x7 with Easel,No Longer Available,FALSE,
1025,Photo panel 8x10 with Easel,No Longer Available,FALSE,
1026,Single 6 inch Ceramic Tile,No Longer Available,FALSE,
1027,Star Ceramic Double-sided Ornament,No Longer Available,FALSE,
1028,Round Ceramic Double-sided Ornament,No Longer Available,FALSE,
1029,Round Openwork Double-sided Ornament,No Longer Available,FALSE,
1030,"2.5x3.5"" Photo Magnet Flexible""",No Longer Available,FALSE,
1031,"3.5x5.0"" Photo Magnet Flexible""",No Longer Available,FALSE,
1032,Keepsake Box - Mahogany Finish,No Longer Available,FALSE,
1033,"16 Necklace with Square Charm - White Bronze Plat""",No Longer Available,FALSE,
1034,"7-8 Bracelet with Square Charm - White Bronze Pla""",No Longer Available,FALSE,
1035,"1.75 x 1.75"" sticker - 24 pack""",No Longer Available,FALSE,
1036,"1.6 x 2.25"" sticker - 20 pack""",No Longer Available,FALSE,
1037,White Bronze Plated Ornament,No Longer Available,FALSE,
1038,"5x 5"" 40 page Notepad - Eco Friendly""",No Longer Available,FALSE,
1039,"3.5 x 8"" 30 page Refrigerator Notepad - Eco Frien""",No Longer Available,FALSE,
1040,"4 x 4"" 100 page Small Notepad - Eco Friendly""",No Longer Available,FALSE,
1041,White Bronze Plated Keychain,No Longer Available,FALSE,
1042,"7-8 Bracelet with Square Charm - White Bronze Pla""",No Longer Available,FALSE,
1043,"43 x 20"" Wall Cling""",No Longer Available,FALSE,
1044,"44 x 36"" Wall Cling""",No Longer Available,FALSE,
1045,"11 x 14"" Wall Cling""",No Longer Available,FALSE,
1046,"22 x 17"" Wall Cling""",No Longer Available,FALSE,
1047,"32 x 25"" Wall Cling""",No Longer Available,FALSE,
1048,"16 x 20"" Wall Cling""",No Longer Available,FALSE,
1049,"7-8 Bracelet with Square Charm - White Bronze Pla""",No Longer Available,FALSE,
1050,"7-8 Bracelet with Square Charm - White Bronze Pla""",No Longer Available,FALSE,
1051,"7-8 Bracelet with Square Charm - White Bronze Pla""",No Longer Available,FALSE,
1052,"7-8 Bracelet with Square Charm - White Bronze Pla""",No Longer Available,FALSE,
1053,1? x 2.625? sticker ? 28 pack (address labels),No Longer Available,FALSE,
1054,4 inch Photo Button,No Longer Available,FALSE,
1055,3 inch Photo Button,No Longer Available,FALSE,
1057,Apron ,No Longer Available,FALSE,
1058,Tote Bag,No Longer Available,FALSE,
1059,Photo Skins- iphone 4 Skin,No Longer Available,FALSE,
1060,"Photo Skins-17 Laptop Skin""",No Longer Available,FALSE,
1061,"Photo Skins-15 Laptop Skin""",No Longer Available,FALSE,
1062,Photo Skins- ipod skin,No Longer Available,FALSE,
1063,Photo Skins- ipad Skin,No Longer Available,FALSE,
1064,Photo Skins- iphone 3g/3GS skin,No Longer Available,FALSE,
1073,Contemporary [Cling],No Longer Available,FALSE,
1074,Frame Cling,No Longer Available,FALSE,
1075,Growth Charts,No Longer Available,FALSE,
1091,11x14 Poster,No Longer Available,FALSE,
1092,16x20 Poster,No Longer Available,FALSE,
1093,12x18 Poster,No Longer Available,FALSE,
1094,16x16 Poster,No Longer Available,FALSE,
1095,36x36 Poster,No Longer Available,FALSE,
1096,10x25 Poster,No Longer Available,FALSE,
1097,16x40 Poster,No Longer Available,FALSE,
1098,30x30 Poster,No Longer Available,FALSE,
1099,20x30 Poster,No Longer Available,FALSE,
1100,24x24 Poster,No Longer Available,FALSE,
1101,24x36 Poster,No Longer Available,FALSE,
1102,30x40 Poster,No Longer Available,FALSE,
1103,30x40 Poster,No Longer Available,FALSE,
1104,24x60 Poster,No Longer Available,FALSE,
1105,30x45 Poster,No Longer Available,FALSE,
1106,iPhone 5 Slim Case,No Longer Available,FALSE,
1107,iPhone 5 Tough Case,No Longer Available,FALSE,
1108,8x10 Gallery Wrapped Canvas - Latex,Usually ships within 9-12 Business days (but can NOT be shipped to a PO Box or APO/FPO address). Ships separately.,FALSE,
1109,8x12 Gallery Wrapped Canvas - Latex,Usually ships within 9-12 Business days (but can NOT be shipped to a PO Box or APO/FPO address). Ships separately.,FALSE,
1110,9x12 Premium Canvas - Gallery Wrapped,Usually ships within 9-12 Business days (but can NOT be shipped to a PO Box or APO/FPO address). Ships separately.,FALSE,
1111,10x10 Gallery Wrapped Canvas - Latex,Usually ships within 9-12 Business days (but can NOT be shipped to a PO Box or APO/FPO address). Ships separately.,FALSE,
1112,10x14 Premium Canvas - Gallery Wrapped,Usually ships within 9-12 Business days (but can NOT be shipped to a PO Box or APO/FPO address). Ships separately.,FALSE,
1113,10x15 Gallery Wrapped Canvas - Latex,Usually ships within 9-12 Business days (but can NOT be shipped to a PO Box or APO/FPO address). Ships separately.,FALSE,
1114,11x14 Gallery Wrapped Canvas - Latex,Usually ships within 9-12 Business days (but can NOT be shipped to a PO Box or APO/FPO address). Ships separately.,FALSE,
1115,12x12 Gallery Wrapped Canvas - Latex,Usually ships within 9-12 Business days (but can NOT be shipped to a PO Box or APO/FPO address). Ships separately.,FALSE,
1116,12x18 Premium Canvas  - Gallery Wrapped,Usually ships within 9-12 Business days (but can NOT be shipped to a PO Box or APO/FPO address). Ships separately.,FALSE,
1117,16x20 Gallery Wrapped Canvas - Latex,No Longer Available,FALSE,
1118,16x24 Gallery Wrapped Canvas - Latex,Usually ships within 9-12 Business days (but can NOT be shipped to a PO Box or APO/FPO address). Ships separately.,FALSE,
1119,20x20 Gallery Wrapped Canvas - Latex,Usually ships within 9-12 Business days (but can NOT be shipped to a PO Box or APO/FPO address). Ships separately.,FALSE,
1120,20x30 Gallery Wrapped Canvas - Latex,Usually ships within 9-12 Business days (but can NOT be shipped to a PO Box or APO/FPO address). Ships separately.,FALSE,
1121,24x24 Gallery Wrapped Canvas - Latex,Usually ships within 9-12 Business days (but can NOT be shipped to a PO Box or APO/FPO address). Ships separately.,FALSE,
1122,24x36 Gallery Wrapped Canvas - Latex,Usually ships within 9-12 Business days (but can NOT be shipped to a PO Box or APO/FPO address). Ships separately.,FALSE,
1123,30x40 Gallery Wrapped Canvas - Latex,Usually ships within 9-12 Business days (but can NOT be shipped to a PO Box or APO/FPO address). Ships separately.,FALSE,
1124,36x36 Gallery Wrapped Canvas - Latex,Usually ships within 9-12 Business days (but can NOT be shipped to a PO Box or APO/FPO address). Ships separately.,FALSE,
1125,8x10 Premium Canvas - Gallery Wrapped,No Longer Available,FALSE,
1126,8x12 Premium Canvas - Gallery Wrapped,No Longer Available,FALSE,
1127,10x10 Premium Canvas - Gallery Wrapped,No Longer Available,FALSE,
1128,10x15 Premium Canvas - Gallery Wrapped,No Longer Available,FALSE,
1129,11x14 Premium Canvas - Gallery Wrapped,No Longer Available,FALSE,
1130,12x12 Premium Canvas - Gallery Wrapped,No Longer Available,FALSE,
1131,16x20 Premium Canvas - Gallery Wrapped,No Longer Available,FALSE,
1132,16x24 Premium Canvas - Gallery Wrapped,No Longer Available,FALSE,
1133,20x20 Premium Canvas - Gallery Wrapped,No Longer Available,FALSE,
1134,20x30 Premium Canvas - Gallery Wrapped,No Longer Available,FALSE,
1135,24x24  Premium Canvas - Gallery Wrapped,No Longer Available,FALSE,
1136,24x36 Premium Canvas - Gallery Wrapped,No Longer Available,FALSE,
1137,30x40 Premium Canvas - Gallery Wrapped,No Longer Available,FALSE,
1138,36x36 Premium Canvas - Gallery Wrapped,No Longer Available,FALSE,
1139,Square Calendar,No Longer Available,FALSE,
1140,iPhone 5 Thinshield,No Longer Available,FALSE,
1141,iPhone 4/4S Switch Case,No Longer Available,FALSE,
1142,iPhone 5/5S Switch Case,No Longer Available,FALSE,
1143,Logo Fulfillment,No Longer Available,FALSE,
1144,Cuff Bracelet,No Longer Available,FALSE,
1145,Baby Bodysuit,In Stock,TRUE,
1146,Men's V-Neck T-Shirt,No Longer Available,FALSE,
1147,Men's V-Neck T-Shirt,No Longer Available,FALSE,
1148,Girls Classic T-Shirt,In Stock,FALSE,
1149,Girls Classic T-Shirt,In Stock,FALSE,
1150,Jr. Football T-Shirt,No Longer Available,FALSE,
1151,All Over Print Bodysuit,No Longer Available,FALSE,
1152,All Over Print Bodysuit,No Longer Available,FALSE,
1153,Toddler All Over Print Tee,No Longer Available,FALSE,
1154,Toddler All Over Print Tee,No Longer Available,FALSE,
1155,Round Purse Hanger,No Longer Available,FALSE,
1156,Square Purse Hanger,No Longer Available,FALSE,
1157,Round Pill Box,No Longer Available,FALSE,
1158,Square Pill Box,No Longer Available,FALSE,
1159,Cami & Shorts Set,No Longer Available,FALSE,
1160,Ladies Tee & Shorts Set,No Longer Available,FALSE,
1161,Ladies Tee & Shorts Set,No Longer Available,FALSE,
1162,Pink/Black Plaid PJ Shorts,No Longer Available,FALSE,
1163,Red Polkadot PJ Shorts,No Longer Available,FALSE,
1164,Zebra Print PJ Shorts,No Longer Available,FALSE,
1165,Men's Long Sleeve Pajamas,No Longer Available,FALSE,
1166,Men's Long Sleeve Pajamas,No Longer Available,FALSE,
1167,Women's Long Sleeve Pajamas,No Longer Available,FALSE,
1168,Women's Long Sleeve Pajamas,No Longer Available,FALSE,
1169,Mens Rashguard,No Longer Available,FALSE,
1170,Ladies Rashguard,No Longer Available,FALSE,
1171,Kids Rashguard,No Longer Available,FALSE,
1172,Neoprene Lunch Bag,"In Stock, will ship in 5 business days (ships separately)",FALSE,
1173,"Round 70 Tablecloth""",No Longer Available,FALSE,
1174,Round Tablecloth,No Longer Available,FALSE,
1175,Woven Blanket ,No Longer Available,FALSE,
1176,iPad Switch Case,No Longer Available,FALSE,
1177,Galaxy S3 Switch Case,No Longer Available,FALSE,
1178,iPad Mini Switch Case,No Longer Available,FALSE,
1179,iPhone 5/5S Wallet Case,No Longer Available,FALSE,
1180,Throw Pillow with Zipper,"In Stock, will ship in 2-3 business days (shipped separately)",TRUE,
1181,Woven Throw Pillow ,Temporarily Out of Stock,FALSE,
1184,Dinner Placemats,No Longer Available,FALSE,
1185,Women's Racerback Tank Top,In Stock,FALSE,
1186,iPod Touch 5 Case,No Longer Available,FALSE,
1187,Wine Tote Bag,No Longer Available,FALSE,
1188,"11 x 16"" Photo-to-Canvas""",No Longer Available,FALSE,
1189,"12 x 12"" Photo-to-Canvas""",No Longer Available,FALSE,
1190,"14 x 20"" Photo-to-Canvas""",In Stock,FALSE,
1191,"16 x 16"" Photo-to-Canvas""",In Stock,FALSE,
1192,"18 x 24"" Photo-to-Canvas""",In Stock,FALSE,
1193,"20 x 20"" Photo-to-Canvas""",No Longer Available,FALSE,
1194,"24 x 36"" Photo-to-Canvas""",No Longer Available,FALSE,
1195,"24 x 24"" Photo-to-Canvas""",No Longer Available,FALSE,
1196,"28 x 42"" Photo-to-Canvas""",No Longer Available,FALSE,
1197,"30 x 30"" Photo-to-Canvas""",No Longer Available,FALSE,
1198,"11 x 14"" Photo-to-Canvas""",No Longer Available,FALSE,
1199,"16 x 20"" Photo-to-Canvas""",In Stock,FALSE,
1200,"20 x 24"" Photo-to-Canvas""",In Stock,FALSE,
1201,"24 x 32"" Photo-to-Canvas""",In Stock,FALSE,
1202,"30 x 40"" Photo-to-Canvas""",No Longer Available,FALSE,
1203,Doctor Who: Mug: Figural TARDIS,No Longer Available,FALSE,
1204,Doctor Who: 11Th Doctor TARDIS 4 Port USB Hub,No Longer Available,FALSE,
1205,Doctor Who: Character Building: TARDIS Mini Set,No Longer Available,FALSE,
1206,Doctor Who - In Your Pocket Talking Voice Keychain,No Longer Available,FALSE,
1207,Fraggle Rock Wembley Plush,No Longer Available,FALSE,
1208,Fraggle Rock Gobo Plush,No Longer Available,FALSE,
1209,Fraggle Rock Boober Plush,No Longer Available,FALSE,
1210,Garfield 5PC Kid's Dish Set,No Longer Available,FALSE,
1211,Garfield Chip & Dip Bowl,No Longer Available,FALSE,
1212,Garfield 12PC Dish Set,No Longer Available,FALSE,
1213,Internal Gift Certificate,Available immediately,FALSE,
1214,Baby Blanket,In Stock,FALSE,
1215,Burp Cloth,In Stock,FALSE,
1216,Toddler Zip Hoodie,No Longer Available,FALSE,
1217,Baby Zip Hoodie,No Longer Available,FALSE,
1218,Round Cufflinks,In Stock,FALSE,
1219,Square Cufflinks,In Stock,FALSE,
1220,Rectangular Cufflinks,In Stock,FALSE,
1221,Oval Cufflinks,In stock.  Usually ships within 3-5 business days.,FALSE,
1222,Round Ring,No Longer Available,FALSE,
1223,Square Ring,No Longer Available,FALSE,
1224,Oval Ring,No Longer Available,FALSE,
1225,Dog Tags,In Stock,TRUE,
1226,Money Clip,No Longer Available,FALSE,
1227,Money Clip,No Longer Available,FALSE,
1228,Women's Ankle Socks,No Longer Available,FALSE,
1229,Women's Crew Socks,No Longer Available,FALSE,
1230,Women's Maternity Tank Top,In Stock,FALSE,
1231,Women's Maternity Tank Top,In Stock,FALSE,
1232,Women's Long Sleeve Maternity T-Shirt,In Stock,FALSE,
1233,Women's Long Sleeve Maternity T-Shirt,Temporarily Out of Stock,FALSE,
1234,Samsung Galaxy S4 Case,No Longer Available,FALSE,
1235,Beach Towel,In Stock,TRUE,
1236,Large Insulated Beverage Bottle,No Longer Available,FALSE,
1237,Stainless Steel Travel Mug,No Longer Available,FALSE,
1238,Wine Stopper,No Longer Available,FALSE,
1239,Food Container,No Longer Available,FALSE,
1240,"13 Laptop Sleeve""",Temporarily Out of Stock,FALSE,
1241,"15 Laptop Sleeve""",Temporarily Out of Stock,FALSE,
1242,"17 Laptop Sleeve""",Temporarily Out of Stock,FALSE,
1243,"4.5 x 6.125"" Flat Cards""",No Longer Available,FALSE,
1244,"5.75 x 5.75"" Flat Cards""",No Longer Available,FALSE,
1245,"5.75 x 9.125"" Flat Cards""",No Longer Available,FALSE,
1246,iPhone 4/4S Tough Case,No Longer Available,FALSE,
1247,iPhone 5/5S Tough Case,No Longer Available,FALSE,
1248,Playing Cards,No Longer Available,FALSE,
1249,Men's Shoes,No Longer Available,FALSE,
1250,"World War Z 6 Zombie Figure Assortment""",No Longer Available,FALSE,
1251,"World War  Z 6 Zombie and Hero Figure Assortment""",No Longer Available,FALSE,
1252,WWZ- Subway Sam Plush,No Longer Available,FALSE,
1253,Sprout Plush Star,No Longer Available,FALSE,
1254,Night Time Plush Squacky,No Longer Available,FALSE,
1255,Night Time Plush Cowbella,No Longer Available,FALSE,
1256,Snuggle Buddies Apollo,No Longer Available,FALSE,
1257,Snuggle Buddies Cowbella,No Longer Available,FALSE,
1258,Snuggle Buddies Squacky,No Longer Available,FALSE,
1259,Snuggle Buddies Sweet Pea Sue,No Longer Available,FALSE,
1260,B00DUQURNG Amazon Kindle Paperwhite Leather Cover,No Longer Available,FALSE,
1261,B00DUQUSJE Amazon Kindle Touch Leather Cover,No Longer Available,FALSE,
1263,B00DUQUSQW Amazon Kindle HD 7 Leather Case,No Longer Available,FALSE,
1264,B00DUQUT2U Amazon Kindle HD 8.9 Leather Case,No Longer Available,FALSE,
1265,B00DUQUUDI Marware Kindle Paperwhite Cover,No Longer Available,FALSE,
1267,B00DUQUTOI Marware Vibe Kindle HD 7 Cover,No Longer Available,FALSE,
1268,B00DUQUTC0 Marware Vibe Kindle HD 8.9 Cover,No Longer Available,FALSE,
1272,Kindle Fire (medium cover),No Longer Available,FALSE,
1273,B00DUQUU10 Marware Folio Kindle HD 7 Cover,No Longer Available,FALSE,
1274,"Kindle Fire HD 8.9 (medium cover)""",No Longer Available,FALSE,
1275,Caillou Classic Doll - 14 inches,No Longer Available,FALSE,
1276,"Caillou 10 Plush""",No Longer Available,FALSE,
1277,Custom Goods,No Longer Available,FALSE,
1278,Custom Goods,No Longer Available,FALSE,
1279,Custom Goods,No Longer Available,FALSE,
1280,Custom Goods,No Longer Available,FALSE,
1281,Custom Goods,No Longer Available,FALSE,
1282,Custom Goods,No Longer Available,FALSE,
1283,Custom Goods,No Longer Available,FALSE,
1284,Custom Goods,No Longer Available,FALSE,
1285,Custom Goods,No Longer Available,FALSE,
1286,Logo Fulfillment,No Longer Available,FALSE,
1287,Greeting Card,No Longer Available,FALSE,
1288,Monopoly,No Longer Available,FALSE,
1289,Polyester Baby Bib,In Stock,FALSE,
1290,Duffel Bag,No Longer Available,FALSE,
1291,Acrylic Double-wall Tumbler,In Stock,FALSE,
1292,Oven Mitt,No Longer Available,FALSE,
1293,Potholder,No Longer Available,FALSE,
1294,Tie Clip,No Longer Available,FALSE,
1295,Neck Tie,In Stock,FALSE,
1296,Padfolio,No Longer Available,FALSE,
1297,Bath Mat,In Stock,FALSE,
1298,Tassel Scarf,Temporarily Out of Stock,FALSE,
1299,Sheer Scarf,Temporarily Out of Stock,FALSE,
1300,Yoga Mat,No Longer Available,FALSE,
1301,Insulated Cold Beverage Bottle,No Longer Available,FALSE,
1302,Ping Pong Balls,No Longer Available,FALSE,
1303,Sports Bottle,In Stock,FALSE,
1304,Bandana,No Longer Available,FALSE,
1305,Women's Hooded Sweatshirt,In Stock,TRUE,
1306,Women's Hooded Sweatshirt,Temporarily Out of Stock,TRUE,
1307,Women's Zip-Up Hoodie,In Stock,TRUE,
1308,Facebook Gift Card,No Longer Available,FALSE,
1309,Book,No Longer Available,FALSE,
1310,Men's Crew Socks,No Longer Available,FALSE,
1311,Kid's Ankle Socks,No Longer Available,FALSE,
1312,Kid's Crew Socks,No Longer Available,FALSE,
1313,Large Table Runner,No Longer Available,FALSE,
1314,Women's Plus Size Long Sleeve T-Shirt,In Stock,FALSE,
1315,Women's Plus Size Long Sleeve T-Shirt,In Stock,FALSE,
1316,Small Table Runner,No Longer Available,FALSE,
1317,Amazon Kindle Fire HD 7 Gen6 PU Case,No Longer Available,FALSE,
1318,"HD Leather Cover, 7"",No Longer Available""",FALSE,,
1319,Amazon Kindle Fire HDX 7 Gen6 PU Case,No Longer Available,FALSE,
1320,Amazon Kindle Fire HDX 7 Gen6 Leather Case,No Longer Available,FALSE,
1321,Amazon Kindle Fire HDX 8.9 Gen6 PU Case,No Longer Available,FALSE,
1322,"HDX Leather Cover, 8.9"",No Longer Available""",FALSE,,
1323,8x10 Photo to Canvas,In Stock,FALSE,
1324,iPhone 5C Case,No Longer Available,FALSE,
1325,Amazon Kindle Fire HD 7 Gen6 PU Case,No Longer Available,FALSE,
1326,Kindle Fire HDX 7 Gen6 PU Case,No Longer Available,FALSE,
1327,Kindle Paperwhite Leather Cover,No Longer Available,FALSE,
1328,ID Card,No Longer Available,FALSE,
1329,Samsung Galaxy S4 Thinshield,No Longer Available,FALSE,
1330,iPhone 5 Guardian,No Longer Available,FALSE,
1331,iPhone 5 Folio,No Longer Available,FALSE,
1332,iPad Air Swivel,No Longer Available,FALSE,
1333,iPad Swivel,No Longer Available,FALSE,
1334,iPad Mini Swivel,No Longer Available,FALSE,
1335,iPad Mini Retina Swivel,No Longer Available,FALSE,
1336,iPod Touch 5 Snap-On,No Longer Available,FALSE,
1337,Men's Favorite Tee,In stock.  Usually ships within 3-5 business days.,FALSE,
1338,Men's Favorite Tee,In stock.  Usually ships within 3-5 business days.,FALSE,
1339,Women's Favorite Tee,In stock.  Usually ships within 3-5 business days.,FALSE,
1340,Women's Favorite Tee,In stock.  Usually ships within 3-5 business days.,FALSE,
1341,4x6 Photo Print,No Longer Available,FALSE,
1342,5x7 Photo Print,No Longer Available,FALSE,
1343,Photo Print,No Longer Available,FALSE,
1344,Photo Print,No Longer Available,FALSE,
1345,11x14 Photo Print,No Longer Available,FALSE,
1346,Mug       ,No Longer Available,FALSE,
1347,Sippy Cup,No Longer Available,FALSE,
1348,Kid's Water Bottle,No Longer Available,FALSE,
1349,Subtle Tee,No Longer Available,FALSE,
1350,Subtle Tee,No Longer Available,FALSE,
1351,cplabs-hats,No Longer Available,FALSE,
1352,cplabs-maps,No Longer Available,FALSE,
1353,cplabs-voice,No Longer Available,FALSE,
1354,cplabs-ibox,No Longer Available,FALSE,
1355,cplabs-gbc,No Longer Available,FALSE,
1356,cplabs-logo,No Longer Available,FALSE,
1357,cplabs-wax,No Longer Available,FALSE,
1358,Stackable Mug,In Stock,FALSE,
1359,Optimum Fulfillment,In Stock,FALSE,
1360,iPhone 5/5S Capsule,No Longer Available,FALSE,
1361,iPhone 5/5S Frosted Deflector,No Longer Available,FALSE,
1362,iPhone 5/5S Gallery,No Longer Available,FALSE,
1363,iPhone 5/5S Deflector,No Longer Available,FALSE,
1364,Kindle Fire Case,No Longer Available,FALSE,
1365,iPad Retina Deflector,No Longer Available,FALSE,
1366,Amazon Fire Phone Case,No Longer Available,FALSE,
1367,Tufted Chair Cushion,No Longer Available,FALSE,
1368,Cube Ottoman,No Longer Available,FALSE,
1369,Dog Bed,No Longer Available,FALSE,
1370,4'x6' Area Rug,In Stock,TRUE,
1371,Pillow Sham,In Stock,TRUE,
1372,Throw Pillow,In Stock,TRUE,
1373,Samsung Galaxy S5 Case,No Longer Available,FALSE,
1374,iPhone 5/5s Candy Case,No Longer Available,FALSE,
1375,Sleep Eye Mask,No Longer Available,FALSE,
1376,Watch,No Longer Available,FALSE,
1378,iPhone 6 Single Shot Deflector,No Longer Available,FALSE,
1379,iPhone 6 clear deflector,No Longer Available,FALSE,
1380,iPhone 6 Single Shot Deflector,No Longer Available,FALSE,
1381,Scrabble,No Longer Available,FALSE,
1382,iPhone 6/6s Slim Case,In Stock,FALSE,
1383,iPhone 6 Plus/6s Plus Slim Case,In Stock,FALSE,
1384,iPhone 6/6s Tough Case,In Stock,FALSE,
1385,iPhone 6 Plus/6s Plus Tough Case,In Stock,FALSE,
1386,20 oz. Ceramic Mega Mug,In Stock,TRUE,
1387,30 oz Stainless Steel Tumbler,Temporarily Out of Stock,FALSE,
1388,iPhone 8/7 Tough Case,In Stock,FALSE,
1389,iPhone 8/7 Plus Tough Case,In Stock,FALSE,
1390,Samsung Galaxy S7 Tough Case,In Stock,FALSE,
1391,Twin Duvet Cover,No Longer Available,FALSE,
1392,Full/Queen Duvet Cover,No Longer Available,FALSE,
1393,King Duvet Cover,No Longer Available,FALSE,
1394,Men's Deluxe T-Shirt,In Stock,TRUE,
1395,Women's Deluxe T-Shirt,In Stock,TRUE,
1396,Men's Hooded Shirt,In Stock,TRUE,
1397,Women's Hooded Shirt,In Stock,TRUE,
1398,Men's Comfort Colors? T-Shirt,In Stock,TRUE,
1399,Men's Football T-Shirt,In Stock,TRUE,
1400,Women's Football T-Shirt,In Stock,TRUE,
1401,Women's Baseball T-Shirt,In Stock,TRUE,
1402,Kids Football T-Shirt,In Stock,FALSE,
1403,Joggers,In Stock,FALSE,
1404,Womens Leggings,In Stock,FALSE,
1405,Kids Trucker Hat,In Stock,FALSE,
1406,Frosted Drinking Glass,No Longer Available,FALSE,
1407,16 oz Acrylic Travel Mug,In Stock,FALSE,
1408,Women's Comfort Colors? T-Shirt,In Stock,TRUE,
1409,Samsung Galaxy S8 Tough Case,In Stock,FALSE,
1410,Small Canvas Tote Bag,No Longer Available,FALSE,
1411,Drawstring Bag,In Stock,TRUE,
1412,Zipper Pouch,In Stock,TRUE,
1413,Medium Tote Bag,In Stock,TRUE,
1414,Wall Tapestry,In Stock,TRUE,
1415,Christmas Stocking,Temporarily Out of Stock,FALSE,
1416,Samsung Galaxy S8+ Tough Case,In Stock,FALSE,
1417,17 oz. Latte Mug,In Stock,TRUE,
1418,Stainless Water Bottle,Temporarily Out of Stock,FALSE,
1419,"4 Round Metal Glitter Ornament""",In Stock,FALSE,
1420,SFLY Advent Calendar,In Stock,FALSE,
1421,SFLY Teddy Bear,In Stock,FALSE,
1422,SFLY Kids Apron,In Stock,FALSE,
1423,Men's Baseball Shirt,Temporarily Out of Stock,TRUE,
1424,Baby Football Bodysuit,Temporarily Out of Stock,TRUE,
1425,Baby Tutu Bodysuit,Temporarily Out of Stock,FALSE,
1426,Women's Plus Size Football T-Shirt,In Stock,FALSE,
1427,Baby Pink Pajama Top,In Stock,FALSE,
1428,Baby Pink Pajama Bottom,In Stock,FALSE,
1429,Baby Pajamas ,In Stock,FALSE,
1430,Men's Pajamas,In Stock,TRUE,
1431,Women's Pajama Set,In Stock,TRUE,
1432,Toddler Pink Pajama Top,In Stock,FALSE,
1433,Toddler Pink Pajama Bottom,In Stock,FALSE,
1434,Toddler Pajamas ,In Stock,FALSE,
1435,Baby White Pajama Top,In Stock,FALSE,
1436,Baby Navy Stripe Pajama Bottom,Temporarily Out of Stock,FALSE,
1437,Baby Pajamas ,Temporarily Out of Stock,FALSE,
1438,Baby Gray Stripe Pajama Bottom,In Stock,FALSE,
1439,DO NOT USE,Temporarily Out of Stock,FALSE,
1440,Baby Red Stripe Pajama Bottom,In Stock,FALSE,
1441,DO NOT USE,Temporarily Out of Stock,FALSE,
1442,Toddler White Pajama Top,In Stock,FALSE,
1443,Toddler Navy Stripe Pajama Bottom,In Stock,FALSE,
1444,Toddler Pajamas ,Temporarily Out of Stock,FALSE,
1445,Toddler Gray Stripe Pajama Bottom,In Stock,FALSE,
1446,SFLY Tea Towel,In Stock,FALSE,
1447,Toddler Red Stripe Pajama Bottom,In Stock.,FALSE,
1448,DO NOT USE,Temporarily Out of Stock,FALSE,
1449,DO NOT USE,Temporarily Out of Stock,FALSE,
1450,SFLY Light Apron,In Stock,FALSE,
1451,Kids Apron,Temporarily Out of Stock,TRUE,
1452,Men's Polo Shirt,Temporarily Out of Stock,TRUE,
1453,Two-Sided Throw Blanket,"In Stock, will ship in 2-3 business days (shipped separately)",FALSE,
1454,8x8 Canvas Print,In Stock,TRUE,
1455,8x10 Canvas Print,In Stock,TRUE,
1456,12x12 Canvas Print,In Stock,TRUE,
1457,11x14 Canvas Print,In Stock,TRUE,
1458,16x20 Canvas Print,In Stock,TRUE,
1459,20x24 Canvas Print,In Stock,TRUE,
1460,20x30 Canvas Print,In Stock,TRUE,
1461,WG 8 x 10 Canvas Print,In Stock,FALSE,
1462,WG 11 x 14 Canvas Print,In Stock,FALSE,
1463,WG 12 x 12 Canvas Print,In Stock,FALSE,
1464,WG 16 x 20 Canvas Print,In Stock,FALSE,
1465,WG 20 x 24 Canvas Print,In Stock,FALSE,
1466,WG 20 x 30 Canvas Print,In Stock,FALSE,
1467,Invitation,In Stock,FALSE,
1468,Notecard,In Stock,FALSE,
1469,Fitted T-Shirt (PA),In Stock,FALSE,
1470,Tea Towel,In Stock,TRUE,
1471,Maple Round Ornament,In Stock,FALSE,
1472,Square Glass Ornament,In Stock,FALSE,
1473,Oval Year Ornament,In Stock,TRUE,
1474,Snowflake Ornament,In Stock,TRUE,
1475,Joy Ornament,In Stock,FALSE,
1476,Sled Ornament,In Stock,TRUE,
1477,Reusable Grocery Bag,Temporarily Out of Stock,TRUE,
1478,Beer Mug,In Stock,TRUE,
1479,4x6 Canvas Print,In Stock,FALSE,
1480,16x16 Canvas Print,In Stock,FALSE,
1481,4x8 Flat Cards (Set of 10),In Stock,FALSE,
1482,4x8 Flat Cards (Set of 20),In Stock,FALSE,
1483,Arctic Fleece Throw Blanket,"In Stock, will ship in 2-3 business days (shipped separately)",FALSE,
1484,Sherpa Fleece Throw Blanket,"In Stock, will ship in 2-3 business days (shipped separately)",TRUE,
1485,Insulated Wine Tumbler,In Stock,TRUE,
1486,Photo Wall Tile,In Stock,TRUE,
1487,Plate,In Stock,FALSE,
1488,Rustic Snowflake Ornament,In Stock,FALSE,
1489,Copper Star Ornament,In Stock,FALSE,
1490,Mitten Ornament,In Stock,FALSE,
1491,5x7 Flat Cards (Set of 10),In Stock,TRUE,
1492,5x7 Flat Cards (Set of 20),In Stock,TRUE,
1493,Note Cards (Set of 10),In Stock,TRUE,
1494,Note Cards (Set of 20),In Stock,TRUE,
1495,Rectangular Throw Pillow,In Stock,TRUE,
1496,Small Puzzle,In Stock,TRUE,
1497,Face Mask,Temporarily Out of Stock,FALSE,
1498,Large Puzzle,In Stock,TRUE,
1499,iPhone X/XS Tough Case,In Stock,FALSE,
1500,iPhone X/XS Slim Case,In Stock,FALSE,
1501,iPhone XS Tough Case,In Stock,FALSE,
1502,iPhone XS Slim Case,In Stock,FALSE,
1503,iPhone XS Max Tough Case,In Stock,FALSE,
1504,iPhone XS Max Slim Case,In Stock,FALSE,
1505,iPhone XR Tough Case,In Stock,FALSE,
1506,iPhone XR Slim Case,In Stock,FALSE,
1507,iPhone 11 Tough Case,In Stock,FALSE,
1508,iPhone 11 Slim Case,In Stock,FALSE,
1509,iPhone 11 Pro Tough Case,In Stock,FALSE,
1510,iPhone 11 Pro Slim Case,In Stock,FALSE,
1511,iPhone 11 Pro Max Tough Case,In Stock,FALSE,
1512,iPhone 11 Pro Max Slim Case,In Stock,FALSE,
1513,Samsung Galaxy S9 Tough Case,In Stock,FALSE,
1514,Samsung Galaxy S9 Slim Case,In Stock,FALSE,
1515,Samsung Galaxy S9+ Tough Case,In Stock,FALSE,
1516,Samsung Galaxy S9+ Slim Case,In Stock,FALSE,
1517,Samsung Galaxy S10 Tough Case,In Stock,FALSE,
1518,Samsung Galaxy S10 Slim Case,In Stock,FALSE,
1519,Samsung Galaxy S10e Tough Case,In Stock,FALSE,
1520,Samsung Galaxy S10e Slim Case,In Stock,FALSE,
1521,Samsung Galaxy S10+ Tough Case,In Stock,FALSE,
1522,Samsung Galaxy S10+ Slim Case,In Stock,FALSE,
1523,Samsung Galaxy S20 Tough Case,In Stock,FALSE,
1524,Samsung Galaxy S20 Slim Case,In Stock,FALSE,
1525,Samsung Galaxy S20+ Tough Case,In Stock,FALSE,
1526,Samsung Galaxy S20+ Slim Case,In Stock,FALSE,
1527,Samsung Galaxy S20 Ultra Tough Case,In Stock,FALSE,
1528,Samsung Galaxy S20 Ultra Slim Case,In Stock,FALSE,
1529,Kids Face Mask,Temporarily Out of Stock,FALSE,
1530,Car Coasters (Set of 2),In Stock,FALSE,
1531,Testing - Phone Cases,In Stock,FALSE,
1532,Sticker (Square 10 pk),In Stock,TRUE,
1533,Sticker (Square 50 pk),In Stock,TRUE,
1534,iPhone 12 Tough Case,In Stock,TRUE,
1535,iPhone 12 Slim Case,In Stock,TRUE,
1536,iPhone 12 Pro Tough Case,In Stock,TRUE,
1537,iPhone 12 Pro Slim Case,In Stock,TRUE,
1538,iPhone 12 Mini Tough Case,In Stock,TRUE,
1539,iPhone 12 Mini Slim Case,In Stock,TRUE,
1540,iPhone 12 Pro Max Tough Case,In Stock,TRUE,
1541,iPhone 12 Pro Max Slim Case,In Stock,TRUE,
1542,Women's Classic T-Shirt,In Stock,TRUE,
1543,Women's Classic T-Shirt,Temporarily Out of Stock,TRUE,
1544,Men's Deluxe T-Shirt,In Stock,TRUE,
1545,Women's Deluxe T-Shirt,In Stock,TRUE,
1546,CW 8 x 8 Canvas Print,In Stock,FALSE,
1547,CW 8 x 10 Canvas Print,In Stock,FALSE,
1548,CW 9 x 12 Canvas Print,In Stock,FALSE,
1549,CW 9 x 27 Canvas Print,In Stock,FALSE,
1550,CW 10 x 14 Canvas Print,In Stock,FALSE,
1551,CW 11 x 11 Canvas Print,In Stock,FALSE,
1552,CW 11 x 14 Canvas Print,In Stock,FALSE,
1553,CW 12 x 12 Canvas Print,In Stock,FALSE,
1554,CW 12 x 16 Canvas Print,In Stock,FALSE,
1555,CW 14 x 24 Canvas Print,In Stock,FALSE,
1556,CW 16 x 16 Canvas Print,In Stock,FALSE,
1557,CW 16 x 20 Canvas Print,In Stock,FALSE,
1558,CW 16 x 30 Canvas Print,In Stock,FALSE,
1559,CW 18 x 18 Canvas Print,In Stock,FALSE,
1560,CW 18 x 24 Canvas Print,In Stock,FALSE,
1561,CW 20 x 24 Canvas Print,In Stock,FALSE,
1562,CW 20 x 28 Canvas Print,In Stock,FALSE,
1563,CW 24 x 24 Canvas Print,In Stock,FALSE,
1564,CW 24 x 36 Canvas Print,In Stock,FALSE,
1565,CW 30 x 30 Canvas Print,In Stock,FALSE,
1566,CW 30 x 40 Canvas Print,In Stock,FALSE,
1567,CW 36 x 48 Canvas Print,In Stock,FALSE,
1568,CW 6 x 12 Canvas Print,In Stock,FALSE,
1569,CW 6 x 18 Canvas Print,In Stock,FALSE,
1570,CW 8 x 8 Canvas Print,In Stock,FALSE,
1571,CW 8 x 10 Canvas Print,In Stock,FALSE,
1572,CW 10 x 14 Canvas Print,In Stock,FALSE,
1573,CW 11 x 14 Canvas Print,In Stock,FALSE,
1574,CW 12 x 12 Canvas Print,In Stock,FALSE,
1575,CW 14 x 24 Canvas Print,In Stock,FALSE,
1576,CW 16 x 20 Canvas Print,In Stock,FALSE,
1577,CW 16 x 30 Canvas Print,In Stock,FALSE,
1578,CW 18 x 18 Canvas Print,In Stock,FALSE,
1579,CW 18 x 48 Canvas Print,In Stock,FALSE,
1580,CW 20 x 20 Canvas Print,In Stock,FALSE,
1581,CW 20 x 24 Canvas Print,In Stock,FALSE,
1582,CW 20 x 28 Canvas Print,In Stock,FALSE,
1583,CW 20 x 60 Canvas Print,In Stock,FALSE,
1584,CW 24 x 24 Canvas Print,In Stock,FALSE,
1585,CW 24 x 36 Canvas Print,In Stock,FALSE,
1586,CW 30 x 30 Canvas Print,In Stock,FALSE,
1587,CW 30 x 40 Canvas Print,In Stock,FALSE,
1588,CW 36 x 48 Canvas Print,In Stock,FALSE,
1589,CW 40 x 40 Canvas Print,In Stock,FALSE,
1590,CW 40 x 60 Canvas Print,In Stock,FALSE,
1591,CW 48 x 48 Canvas Print,In Stock,FALSE,
1592,Small Doormat,In Stock,TRUE,
1593,Large Doormat,In Stock,TRUE,
1594,FP 8.15x8.15 Tile,In Stock,FALSE,
1595,Small Doormat with Holder,In Stock,TRUE,
1596,Large Doormat with Holder,In Stock,TRUE,
1597,iPhone 8/7 Slim Case,In Stock,FALSE,
1598,iPhone 8/7 Plus Slim Case,In Stock,FALSE,
1599,Samsung Galaxy S7 Slim Case,In Stock,FALSE,
1600,Samsung Galaxy S8 Slim Case,In Stock,FALSE,
1601,Samsung Galaxy S8+ Slim Case,In Stock,FALSE,
1602,Samsung Galaxy S21 Tough Case,In Stock,FALSE,
1603,Samsung Galaxy S21 Slim Case,In Stock,FALSE,
1604,Samsung Galaxy S21+ Tough Case,In Stock,FALSE,
1605,Samsung Galaxy S21+ Slim Case,In Stock,FALSE,
1606,Samsung Galaxy S21 Ultra Tough Case,In Stock,FALSE,
1607,Samsung Galaxy S21 Ultra Slim Case,In Stock,FALSE,
1608,Men's Eco Sport T-Shirt,In Stock,TRUE,
1609,Men's Eco Sport T-Shirt,In Stock,TRUE,
1610,Women's Eco Sport T-Shirt,In Stock,TRUE,
1611,Women's Eco Sport T-Shirt,In Stock,TRUE,
1612,iPhone 13 Tough Case,In Stock,TRUE,
1613,iPhone 13 Slim Case,In Stock,TRUE,
1614,iPhone 13 Pro Tough Case,In Stock,TRUE,
1615,iPhone 13 Pro Slim Case,In Stock,TRUE,
1616,iPhone 13 Mini Tough Case,In Stock,TRUE,
1617,iPhone 13 Mini Slim Case,In Stock,TRUE,
1618,iPhone 13 Pro Max Tough Case,In Stock,TRUE,
1619,iPhone 13 Pro Max Slim Case,In Stock,TRUE,
1620,PopSockets PopGrip?,In Stock,FALSE,
1621,Small Magnet Set (Pk of 3),In Stock,FALSE,
1622,Photo Magnets 3-Pack (3.5x4),In Stock,TRUE,
1623,Golf Balls (Pk of 6),In Stock,TRUE,
1624,Golf Balls (Pk of 12),In Stock,TRUE,
1625,Men's Flip Flops,In Stock,TRUE,
1626,Wireless Charger,In Stock,TRUE,
1627,Kids Flip Flops,In Stock,FALSE,
1628,Magic Mug,In Stock,TRUE,
1629,Pot Holder,In Stock,TRUE,
1630,Beer Stein,In Stock,TRUE,
1631,Insulated Mug,In Stock,TRUE,
1632,Oven Mitt,In Stock,TRUE,
1633,Makeup Bag,In Stock,TRUE,
1634,Samsung Galaxy S22 Tough Case,In Stock,TRUE,
1635,Samsung Galaxy S22 Slim Case,In Stock,FALSE,
1636,Samsung Galaxy S22+ Tough Case,In Stock,TRUE,
1637,Samsung Galaxy S22+ Slim Case,In Stock,FALSE,
1638,Samsung Galaxy S22 Ultra Tough Case,In Stock,TRUE,
1639,Samsung Galaxy S22 Ultra Slim Case,In Stock,FALSE,
1640,Small Die Cut Sticker,In Stock,TRUE,
1641,Car Coasters,In Stock,FALSE,
1642,Straw Tumbler,In Stock,TRUE,
1643,Weekender Tote,In Stock,TRUE,
1644,Luggage Tag,Temporarily Out of Stock,TRUE,
1645,Drawstring Bag,In Stock,FALSE,
1646,Zipper Tote Bag,In Stock,TRUE,
1647,Laptop Skins,In Stock,FALSE,
1648,Clipboard,No Longer Available,FALSE,
1649,Post-it? Notes ,In Stock,TRUE,
1650,Bath Mat,In Stock,TRUE,
1651,Rectangle Magnet,In Stock,FALSE,
1652,Medium Die Cut Sticker,In Stock,TRUE,
1653,Large Die Cut Sticker,In Stock,TRUE,
1654,Extra Large Die Cut Sticker,In Stock,FALSE,
1655,Zipper Pouch,In Stock,TRUE,
1656,Makeup Bag,In Stock,TRUE,
1657,Photo Magnets 3-Pack (4x6),In Stock,TRUE,
1658,Journal,In Stock,TRUE,
1659,Journal,In Stock,TRUE,
1660,Small Tote Bag,In Stock,TRUE,
1661,Large Tote Bag,In Stock,TRUE,
1662,Photo Coasters 4-Pack,In Stock,FALSE,
1663,Apron,In Stock,TRUE,
1664,Insulated Water Bottle,In Stock,TRUE,
1665,30 oz. Stainless Steel Water Bottle,In Stock,TRUE,
1666,Post-it? Notes ,In Stock,TRUE,
1667,9x12 Canvas Print,In Stock,TRUE,
1668,12x16 Canvas Print,In Stock,TRUE,
1669,18x24 Canvas Print,In Stock,TRUE,
1670,Bath Towel,In Stock,TRUE,
1671,Hand Towel,In Stock,FALSE,
1672,Laundry Bag,In Stock,TRUE,
1673,Twin Comforter,"In Stock, will ship in 2-3 business days (shipped separately)",TRUE,
1674,Twin XL Comforter,"In Stock, will ship in 2-3 business days (shipped separately)",TRUE,
1675,Queen/Full Comforter,"In Stock, will ship in 2-3 business days (shipped separately)",TRUE,
1676,King Comforter,"In Stock, will ship in 2-3 business days (shipped separately)",TRUE,
1677,"84 Curtains""",Temporarily Out of Stock,TRUE,
1678,Apple Watch Band,In Stock,TRUE,
1679,Apple Watch Band,In Stock,TRUE,
1680,"96 Curtains""",Temporarily Out of Stock,TRUE,
1681,Gift Bag,In Stock,TRUE,
1682,Stocking,Temporarily Out of Stock,TRUE,
1683,iPhone 11 Pro Max Tough Case,"In Stock, will ship in 2-3 business days (shipped separately)",FALSE,
1684,Small Plush Fleece Throw Blanket,"In Stock, will ship in 2-3 business days (shipped separately)",TRUE,
1685,Large Plush Fleece Throw Blanket,"In Stock, will ship in 2-3 business days (shipped separately)",TRUE,
1686,NOT USING - Small Arctic,"In Stock, will ship in 2-3 business days (shipped separately)",FALSE,
1687,NOT USING - Large Arctic,"In Stock, will ship in 2-3 business days (shipped separately)",FALSE,
1688,Large Sherpa Fleece Throw Blanket,"In Stock, will ship in 2-3 business days (shipped separately)",TRUE,
1689,Rectangle Ornament,In Stock,TRUE,
1690,Heart Ornament,In Stock,TRUE,
1691,Print,In Stock,TRUE,
1692,DO NOT USE,In Stock,FALSE,
1693,DO NOT USE,In Stock,FALSE,
1694,Print,In Stock,TRUE,
1695,DO NOT USE,In Stock,FALSE,
1696,DO NOT USE,In Stock,FALSE,
1697,Gift Tag Ornament,In Stock,TRUE,
1698,Square Ornament,In Stock,TRUE,
1699,Scroll Ornament,In Stock,FALSE,
1700,Baby Bodysuit,In Stock,FALSE,
1701,Long Sleeve Baby Bodysuit,Temporarily Out of Stock,FALSE,
1702,Baby Bodysuit,In Stock,FALSE,
1703,Drinking Glass,In Stock,FALSE,
1704,Pillowcase,In Stock,FALSE,
1705,Woven Blanket,"In Stock, will ship in 2-3 business days (shipped separately)",TRUE,
1706,Acrylic Bell Ornament,In Stock,TRUE,
1707,Acrylic Star Ornament,In Stock,FALSE,
1708,Acrylic Heart Ornament,In Stock,TRUE,
1709,Sparkle Light Ornament,In Stock,TRUE,
1710,Tree Skirt,In Stock,TRUE,
1711,LED Votive Candle,In Stock,TRUE,
1712,Scarf,Temporarily Out of Stock,TRUE,
1713,iPhone 14 Tough Case,In Stock,TRUE,
1714,iPhone 14 Slim Case,In Stock,TRUE,
1715,iPhone 14 Pro Tough Case,In Stock,TRUE,
1716,iPhone 14 Pro Slim Case,In Stock,TRUE,
1717,iPhone 14 Pro Max Tough Case,In Stock,TRUE,
1718,iPhone 14 Pro Max Slim Case,In Stock,TRUE,
1719,iPhone 14 Plus Tough Case,In Stock,TRUE,
1720,iPhone 14 Plus Slim Case,In Stock,TRUE,
1721,Women's Crewneck Sweatshirt,In Stock,TRUE,
1722,Double-Sided Yard Sign,In Stock,TRUE,
1723,Circle Keychain,In Stock,TRUE,
1724,Heart Keychain,In Stock,TRUE,
1725,Rectangle Keychain,In Stock,TRUE,
1726,Round Ornament,In Stock,FALSE,
1727,Oval Ornament,In Stock,TRUE,
1728,Rustic Wood Ornament,In Stock,TRUE,
1729,Banner - 6 ft,In Stock,TRUE,
1730,Banner - 8 ft,In Stock,TRUE,
1731,Scarf,Temporarily Out of Stock,TRUE,
1732,Circle Necklace,In Stock,TRUE,
1733,Heart Necklace,In Stock,TRUE,
1734,Men's Long Sleeve Pajamas ,Temporarily Out of Stock,TRUE,
1735,Women's Long Sleeve Pajamas,Temporarily Out of Stock,TRUE,
1736,Men's Long Sleeve Pajamas,In Stock,TRUE,
1737,Women's Long Sleeve Pajamas,In Stock,TRUE,
1738,Men's Long Sleeve Pajamas,In Stock,TRUE,
1739,Women's Long Sleeve Pajamas,In Stock,TRUE,
1740,Outdoor Pillow,In Stock,TRUE,
1741,2x3 Area Rug,"In Stock, will ship in 2-3 business days (shipped separately)",FALSE,
1742,Samsung Galaxy S23 Tough Case,In Stock,TRUE,
1743,Samsung Galaxy S23 Slim Case,In Stock,FALSE,
1744,Samsung Galaxy S23+ Tough Case,In Stock,TRUE,
1745,Samsung Galaxy S23+ Slim Case,In Stock,FALSE,
1746,Samsung Galaxy S23 Ultra Tough Case,In Stock,TRUE,
1747,Samsung Galaxy S23 Ultra Slim Case,In Stock,FALSE,
1748,Women's Zip-Up Hoodie,In Stock,FALSE,
1749,Women's Hooded Sweatshirt,Temporarily Out of Stock,FALSE,
1750,Jewelry Box,In Stock,TRUE,
1751,Joy Ornament,In Stock,TRUE,
1752,Mitten Ornament,In Stock,TRUE,
1753,Acrylic Circle Ornament,In Stock,TRUE,
1754,Playing Cards,In Stock,TRUE,
1755,Garden Flag,In Stock,TRUE,
1756,Heart Shaped Jewelry Box,In Stock,TRUE,
1757,Sippy Cup,In Stock,TRUE,
1758,Wood Cutting Board,In Stock,TRUE,
1759,iPhone 15 Tough Case,In Stock,TRUE,
1760,iPhone 15 Slim Case,In Stock,TRUE,
1761,iPhone 15 Pro Tough Case,In Stock,TRUE,
1762,iPhone 15 Pro Slim Case,In Stock,TRUE,
1763,iPhone 15 Pro Max Tough Case,In Stock,TRUE,
1764,iPhone 15 Pro Max Slim Case,In Stock,TRUE,
1765,iPhone 15 Plus Tough Case,In Stock,TRUE,
1766,iPhone 15 Plus Slim Case,In Stock,TRUE,
1767,Samsung Galaxy S24 Tough Case,In Stock,TRUE,
1768,Samsung Galaxy S24 Slim Case,In Stock,FALSE,
1769,Samsung Galaxy S24+ Tough Case,In Stock,TRUE,
1770,Samsung Galaxy S24+ Slim Case,In Stock,FALSE,
1771,Samsung Galaxy S24 Ultra Tough Case,In Stock,TRUE,
1772,Samsung Galaxy S24 Ultra Slim Case,In Stock,FALSE,
1773,Backpack,In Stock,TRUE,
1774,Lunch Box,In Stock,TRUE,
1775,Outdoor Blanket,"In Stock, will ship in 2-3 business days (shipped separately)",TRUE,
1776,Kids Socks,In Stock,TRUE,
1777,Adult Socks,In Stock,TRUE,
1778,Pencil Case,In Stock,TRUE,
1779,iPhone 16 Tough Case,In Stock,TRUE,
1780,iPhone 16 Slim Case,In Stock,TRUE,
1781,iPhone 16 Pro Tough Case,In Stock,TRUE,
1782,iPhone 16 Pro Slim Case,In Stock,TRUE,
1783,iPhone 16 Pro Max Tough Case,In Stock,TRUE,
1784,iPhone 16 Pro Max Slim Case,In Stock,TRUE,
1785,iPhone 16 Plus Tough Case,In Stock,TRUE,
1786,iPhone 16 Plus Slim Case,In Stock,TRUE,
1787,Hand Towel,In Stock,TRUE,
1788,Thor 40 oz. Eco-Friendly Straw Tumbler,In Stock,TRUE,
1789,Simple Modern Trek 40 oz. Tumbler,In Stock,TRUE,
1790,Pinnacle 40 oz. Insulated Travel Tumbler,In Stock,TRUE,
1791,Wood Coaster (Single),In Stock,FALSE,
1792,Oversized Beach Towel,In Stock,TRUE,
1793,Vase,In Stock,TRUE,
1794,Flower Pot,In Stock,TRUE,
1795,Frosted Candle,In Stock,TRUE,
1796,Canister Candle,In Stock,TRUE,
1797,iPhone 16 MagSafe Case,In Stock,TRUE,
1798,iPhone 16 Pro MagSafe Case,In Stock,TRUE,
1799,iPhone 16 Pro Max MagSafe Case,In Stock,TRUE,
1800,iPhone 16 Plus MagSafe Case,In Stock,TRUE,
1801,Wood Coaster,In Stock,TRUE,
1802,Wood Coasters (Set of 4),In Stock,TRUE,
1803,Wood Coasters (Set of 4 w/ Holder),In Stock,TRUE,
1804,Small Pet Bowl,In Stock,TRUE,
1805,Large Pet Bowl,In Stock,TRUE,
1806,Samsung Galaxy S25 Tough Case,In Stock,TRUE,
1807,Samsung Galaxy S25+ Tough Case,In Stock,TRUE,
1808,Samsung Galaxy S25 Ultra Tough Case,In Stock,TRUE,